root;Precon;Solver;SeqGS;SeqSOR;CGSolver;BiCGSTABSolver;LoopSolver;GradientSolver;PreSmoothing;pre_0;pre_1;pre_2;pre_3;pre_4;pre_5;pre_6;PostSmoothing;post_0;post_1;post_2;post_3;post_4;post_5;post_6;Cells;cells_50;cells_51;cells_52;cells_53;cells_54;cells_55;Performance
1;1;1;1;0;0;0;1;0;1;0;1;0;0;0;0;0;1;1;0;0;0;0;0;0;1;1;0;0;0;0;0;13218.6892857143
1;1;1;1;0;0;0;1;0;1;0;0;1;0;0;0;0;1;0;0;0;1;0;0;0;1;0;0;0;0;0;1;10580.7214285714
1;1;1;0;1;0;0;1;0;1;0;0;0;0;1;0;0;1;0;0;0;0;0;1;0;1;0;0;0;0;0;1;11726.9535714286
1;1;1;1;0;0;0;0;1;1;0;1;0;0;0;0;0;1;0;0;0;0;0;0;1;1;0;0;0;0;0;1;7958.74
1;1;1;0;1;0;0;1;0;1;0;0;1;0;0;0;0;1;0;0;0;0;1;0;0;1;0;0;0;0;0;1;11676.9821428571
1;1;1;0;1;0;1;0;0;1;0;0;0;1;0;0;0;1;1;0;0;0;0;0;0;1;0;0;0;0;0;1;17558.5857142857
1;1;1;1;0;0;0;0;1;1;0;0;0;1;0;0;0;1;0;0;0;1;0;0;0;1;0;0;0;0;0;1;10639.2107142857
1;1;1;1;0;1;0;0;0;1;0;0;1;0;0;0;0;1;1;0;0;0;0;0;0;1;0;0;0;0;0;1;18612.925
1;1;1;1;0;1;0;0;0;1;0;0;0;0;0;0;1;1;0;0;0;1;0;0;0;1;0;0;0;0;0;1;10633.1142857143
1;1;1;1;0;0;1;0;0;1;0;0;0;0;0;0;1;1;0;0;1;0;0;0;0;1;1;0;0;0;0;0;8846.36714285714
1;1;1;1;0;0;1;0;0;1;0;0;0;0;0;0;1;1;0;1;0;0;0;0;0;1;0;0;0;0;0;1;10685.2535714286
1;1;1;0;1;0;1;0;0;1;0;0;0;0;0;0;1;1;0;0;1;0;0;0;0;1;1;0;0;0;0;0;9650.70785714286
1;1;1;0;1;0;0;1;0;1;0;0;0;0;1;0;0;1;0;0;1;0;0;0;0;1;0;0;0;0;0;1;11742.775
1;1;1;0;1;0;0;1;0;1;0;0;1;0;0;0;0;1;0;1;0;0;0;0;0;1;0;0;0;0;0;1;14508.825
1;1;1;0;1;0;0;1;0;1;0;0;0;1;0;0;0;1;0;0;0;0;0;1;0;1;0;0;0;0;0;1;11635.9714285714
1;1;1;0;1;1;0;0;0;1;0;0;1;0;0;0;0;1;0;1;0;0;0;0;0;1;0;0;0;0;0;1;14543.0285714286
1;1;1;1;0;0;0;1;0;1;0;0;1;0;0;0;0;1;0;0;0;0;1;0;0;1;0;0;0;0;0;1;10591.3071428571
1;1;1;1;0;0;1;0;0;1;0;0;1;0;0;0;0;1;0;0;0;0;0;1;0;1;0;0;0;0;0;1;10725.0357142857
1;1;1;1;0;0;0;1;0;1;0;0;0;0;0;0;1;1;0;1;0;0;0;0;0;1;0;0;0;0;0;1;10563.2785714286
1;1;1;0;1;0;1;0;0;1;0;0;0;1;0;0;0;1;0;0;0;0;0;1;0;1;0;0;0;0;0;1;11626.8035714286
1;1;1;0;1;0;1;0;0;1;0;0;0;1;0;0;0;1;0;1;0;0;0;0;0;1;0;0;0;0;0;1;11651.1607142857
1;1;1;1;0;0;0;0;1;1;0;0;0;1;0;0;0;1;0;0;0;0;0;1;0;1;0;0;0;0;0;1;7943.47285714286
1;1;1;0;1;0;1;0;0;1;0;0;0;0;0;0;1;1;0;0;1;0;0;0;0;1;0;0;0;0;0;1;11635.6285714286
1;1;1;1;0;0;0;1;0;1;0;0;0;1;0;0;0;1;0;1;0;0;0;0;0;1;0;0;0;0;0;1;13195.4142857143
1;1;1;1;0;1;0;0;0;1;0;0;0;0;1;0;0;1;0;1;0;0;0;0;0;1;0;0;0;0;0;1;13243.4071428571
1;1;1;1;0;0;0;0;1;1;0;0;1;0;0;0;0;1;0;0;0;1;0;0;0;1;0;0;0;0;0;1;10595.8428571429
1;1;1;1;0;0;1;0;0;1;0;0;1;0;0;0;0;1;0;0;0;0;0;0;1;1;0;0;0;0;0;1;10679.9964285714
1;1;1;1;0;0;0;0;1;1;0;0;0;0;0;0;1;1;0;0;0;0;0;0;1;1;0;0;0;0;0;1;8003.48464285714
1;1;1;1;0;0;1;0;0;1;0;0;0;1;0;0;0;1;0;1;0;0;0;0;0;1;0;0;0;0;0;1;10632.4892857143
1;1;1;0;1;0;1;0;0;1;0;0;1;0;0;0;0;1;0;0;0;0;1;0;0;1;0;0;0;0;0;1;11804.7821428571
1;1;1;0;1;0;0;0;1;1;0;0;1;0;0;0;0;1;0;0;0;0;0;0;1;1;0;0;0;0;0;1;8836.48785714285
1;1;1;1;0;0;0;1;0;1;0;0;0;1;0;0;0;1;0;0;0;0;1;0;0;1;0;0;0;0;0;1;10546.8464285714
1;1;1;0;1;0;0;1;0;1;0;0;0;0;1;0;0;1;0;0;0;0;1;0;0;1;0;0;0;0;0;1;11607.0535714286
1;1;1;0;1;1;0;0;0;1;0;0;0;0;1;0;0;1;0;0;1;0;0;0;0;1;0;0;0;0;0;1;11612.6
1;1;1;1;0;0;0;1;0;1;0;0;0;0;1;0;0;1;0;0;0;1;0;0;0;1;0;0;0;0;0;1;10568.8607142857
1;1;1;1;0;0;0;1;0;1;0;0;0;0;1;0;0;1;0;1;0;0;0;0;0;1;0;0;0;0;0;1;13235.1214285714
1;1;1;1;0;0;0;0;1;1;0;0;0;0;0;1;0;1;0;0;0;0;0;0;1;1;0;0;0;0;0;1;7918.33821428572
1;1;1;1;0;0;0;0;1;1;0;0;0;0;0;0;1;1;0;1;0;0;0;0;0;1;1;0;0;0;0;0;8905.15285714286
1;1;1;1;0;0;1;0;0;1;0;0;0;0;0;0;1;1;0;0;1;0;0;0;0;1;0;0;0;0;0;1;10703.05
1;1;1;0;1;1;0;0;0;1;0;0;0;0;0;0;1;1;0;0;0;0;0;0;1;1;0;0;0;0;0;1;11671.775
1;1;1;0;1;0;1;0;0;1;0;0;0;0;0;0;1;1;1;0;0;0;0;0;0;1;0;0;0;0;0;1;14640.8214285714
1;1;1;0;1;1;0;0;0;1;0;0;0;0;1;0;0;1;1;0;0;0;0;0;0;1;0;0;0;0;0;1;17379.4428571429
1;1;1;1;0;1;0;0;0;1;0;0;0;0;1;0;0;1;0;0;0;0;0;1;0;1;0;0;0;0;0;1;10702.6428571429
1;1;1;0;1;1;0;0;0;1;0;0;0;1;0;0;0;1;0;0;0;0;0;1;0;1;0;0;0;0;0;1;11588.9142857143
1;1;1;0;1;0;0;0;1;1;0;0;0;0;1;0;0;1;0;0;0;0;0;0;1;1;0;0;0;0;0;1;8695.53821428571
1;1;1;0;1;0;0;1;0;1;0;0;0;0;1;0;0;1;0;1;0;0;0;0;0;1;0;0;0;0;0;1;14527.6214285714
1;1;1;0;1;0;0;1;0;1;0;0;0;1;0;0;0;1;1;0;0;0;0;0;0;1;0;0;0;0;0;1;14606.8928571429
1;1;1;0;1;0;0;0;1;1;0;0;0;0;1;0;0;1;0;0;1;0;0;0;0;1;0;0;0;0;0;1;11662.5464285714
1;1;1;0;1;0;1;0;0;1;0;0;1;0;0;0;0;1;0;0;1;0;0;0;0;1;0;0;0;0;0;1;14536.8714285714
1;1;1;0;1;1;0;0;0;1;0;0;0;0;0;0;1;1;0;0;0;0;0;1;0;1;0;0;0;0;0;1;11611.4964285714
1;1;1;0;1;1;0;0;0;1;0;0;0;1;0;0;0;1;0;0;0;0;1;0;0;1;0;0;0;0;0;1;11588.1535714286
1;1;1;0;1;1;0;0;0;1;0;0;0;0;0;0;1;1;0;0;0;1;0;0;0;1;0;0;0;0;0;1;11746.55
1;1;1;1;0;0;0;1;0;1;0;0;0;1;0;0;0;1;0;0;1;0;0;0;0;1;0;0;0;0;0;1;10551.1678571429
1;1;1;0;1;0;1;0;0;1;0;0;0;0;0;0;1;1;0;0;0;0;1;0;0;1;0;0;0;0;0;1;11735.7357142857
1;1;1;1;0;0;1;0;0;1;0;0;0;0;0;0;1;1;0;0;1;0;0;0;0;1;0;0;1;0;0;0;9561.75
1;1;1;0;1;0;0;0;1;1;0;0;0;0;0;0;1;1;0;0;1;0;0;0;0;1;0;1;0;0;0;0;9970.56928571429
1;1;1;0;1;1;0;0;0;1;0;0;1;0;0;0;0;1;1;0;0;0;0;0;0;1;0;0;0;0;0;1;20277.9285714286
1;1;1;1;0;0;1;0;0;1;0;0;0;0;0;0;1;1;0;0;0;1;0;0;0;1;0;0;0;0;0;1;10680.0678571429
1;1;1;1;0;0;0;0;1;1;0;0;0;0;0;0;1;1;0;1;0;0;0;0;0;1;0;0;0;0;0;1;10618.1714285714
1;1;1;0;1;0;0;1;0;1;0;0;0;0;0;0;1;1;0;0;1;0;0;0;0;1;0;0;0;0;1;0;11214.1
1;1;1;1;0;0;0;0;1;1;0;0;0;0;0;0;1;1;0;0;1;0;0;0;0;1;0;0;0;0;0;1;10616.4714285714
1;1;1;0;1;0;0;0;1;1;0;0;1;0;0;0;0;1;0;1;0;0;0;0;0;1;0;0;0;0;0;1;14580.5785714286
1;1;1;1;0;1;0;0;0;1;0;0;0;1;0;0;0;1;0;0;0;1;0;0;0;1;0;0;0;0;0;1;10559.9357142857
1;1;1;1;0;0;0;0;1;1;0;0;0;0;1;0;0;1;0;0;0;1;0;0;0;1;0;0;0;0;0;1;10593.3428571429
1;1;1;1;0;0;0;0;1;1;0;0;0;0;0;0;1;1;0;0;1;0;0;0;0;1;0;0;1;0;0;0;9900.19142857143
1;1;1;1;0;0;1;0;0;1;0;0;1;0;0;0;0;1;0;0;0;0;1;0;0;1;0;0;0;0;0;1;10671.0071428571
1;1;1;0;1;0;1;0;0;1;0;0;0;0;1;0;0;1;0;0;0;0;0;0;1;1;0;0;0;0;0;1;8738.04285714286
1;1;1;1;0;0;0;0;1;1;0;0;0;0;0;0;1;1;0;0;0;1;0;0;0;1;0;0;0;0;0;1;7923.71
1;1;1;0;1;0;0;0;1;1;0;0;0;0;0;0;1;1;0;0;1;0;0;0;0;1;0;0;0;0;1;0;11328.2357142857
1;1;1;0;1;0;0;0;1;1;0;0;0;0;1;0;0;1;0;0;0;1;0;0;0;1;0;0;0;0;0;1;11601.85
1;1;1;1;0;0;1;0;0;1;0;0;0;1;0;0;0;1;0;0;0;0;0;0;1;1;0;0;0;0;0;1;10859.5285714286
1;1;1;1;0;1;0;0;0;1;0;0;0;0;0;0;1;1;1;0;0;0;0;0;0;1;0;0;0;0;0;1;15826.0464285714
1;1;1;1;0;0;1;0;0;1;0;0;1;0;0;0;0;1;1;0;0;0;0;0;0;1;0;0;0;0;0;1;13386.2964285714
1;1;1;0;1;0;0;0;1;1;0;1;0;0;0;0;0;1;0;0;0;0;0;0;1;1;0;0;0;0;0;1;8716.20928571429
1;1;1;0;1;0;1;0;0;1;0;0;0;0;0;0;1;1;0;0;1;0;0;0;0;1;0;0;0;0;1;0;11469.575
1;1;1;0;1;0;0;0;1;1;0;0;0;0;1;0;0;1;1;0;0;0;0;0;0;1;0;0;0;0;0;1;14563.0571428571
1;1;1;0;1;0;0;1;0;1;0;0;1;0;0;0;0;1;0;0;0;0;0;0;1;1;0;0;0;0;0;1;11914.4107142857
1;1;1;1;0;0;0;1;0;1;0;0;0;0;0;0;1;1;1;0;0;0;0;0;0;1;0;0;0;0;0;1;13175.6964285714
1;1;1;1;0;0;1;0;0;1;0;0;1;0;0;0;0;1;0;1;0;0;0;0;0;1;0;0;0;0;0;1;13420.3535714286
1;1;1;0;1;0;1;0;0;1;0;0;0;1;0;0;0;1;0;0;0;0;1;0;0;1;0;0;0;0;0;1;11676.05
1;1;1;0;1;1;0;0;0;1;0;0;1;0;0;0;0;1;0;0;0;0;0;0;1;1;0;0;0;0;0;1;11619.65
1;1;1;1;0;0;1;0;0;1;0;0;0;1;0;0;0;1;1;0;0;0;0;0;0;1;0;0;0;0;0;1;15946.3214285714
1;1;1;0;1;1;0;0;0;1;0;0;0;0;1;0;0;1;0;0;0;0;0;0;1;1;0;0;0;0;0;1;11633.8
1;1;1;1;0;0;0;1;0;1;0;0;0;1;0;0;0;1;1;0;0;0;0;0;0;1;0;0;0;0;0;1;13223.8428571429
1;1;1;0;1;0;0;0;1;1;0;0;0;0;0;0;1;1;0;0;0;0;0;0;1;1;0;0;0;0;0;1;8776.63785714286
1;1;1;0;1;0;0;1;0;1;0;0;0;1;0;0;0;1;0;0;0;0;1;0;0;1;0;0;0;0;0;1;11750.1035714286
1;1;1;1;0;0;0;0;1;1;0;0;1;0;0;0;0;1;0;0;1;0;0;0;0;1;0;0;0;0;0;1;10675.0357142857
1;1;1;0;1;1;0;0;0;1;0;0;0;0;0;0;1;1;1;0;0;0;0;0;0;1;0;0;0;0;0;1;17397.25
1;1;1;1;0;0;0;0;1;1;0;0;0;0;1;0;0;1;0;0;0;0;0;1;0;1;0;0;0;0;0;1;7906.53392857143
1;1;1;0;1;0;0;0;1;1;0;0;0;0;0;0;1;1;0;0;0;1;0;0;0;1;0;0;0;0;0;1;11768.9535714286
1;1;1;0;1;0;1;0;0;1;0;0;0;1;0;0;0;1;0;0;0;1;0;0;0;1;0;0;0;0;0;1;11650.2785714286
1;1;1;0;1;0;0;0;1;1;0;0;0;0;0;0;1;1;0;0;0;0;1;0;0;1;0;0;0;0;0;1;8734.17785714286
1;1;1;1;0;1;0;0;0;1;0;0;0;0;1;0;0;1;0;0;0;0;0;0;1;1;0;0;0;0;0;1;10568.0428571429
1;1;1;1;0;0;0;1;0;1;0;0;0;1;0;0;0;1;0;0;0;0;0;1;0;1;0;0;0;0;0;1;10564.5071428571
1;1;1;1;0;0;0;0;1;1;0;0;0;0;0;0;1;1;1;0;0;0;0;0;0;1;0;0;0;0;0;1;10629.9142857143
1;1;1;1;0;1;0;0;0;1;0;0;0;1;0;0;0;1;0;0;0;0;0;0;1;1;0;0;0;0;0;1;10601.2535714286
1;1;1;1;0;0;0;1;0;1;0;0;0;0;1;0;0;1;0;0;1;0;0;0;0;1;0;0;0;0;0;1;10558.8964285714
1;1;1;0;1;0;0;0;1;1;0;0;0;0;1;0;0;1;0;0;0;0;1;0;0;1;0;0;0;0;0;1;8813.53428571429
1;1;1;1;0;0;0;1;0;1;0;0;0;0;1;0;0;1;1;0;0;0;0;0;0;1;0;0;0;0;0;1;13239.7
1;1;1;1;0;1;0;0;0;1;0;0;0;0;0;0;1;1;0;0;0;0;1;0;0;1;0;0;0;0;0;1;10636.5464285714
1;1;1;1;0;0;1;0;0;1;0;0;0;0;0;0;1;1;0;0;0;0;0;1;0;1;0;0;0;0;0;1;10762.8321428571
1;1;1;1;0;0;0;1;0;1;0;0;0;0;0;0;1;1;0;0;1;0;0;0;0;1;0;0;0;0;1;0;10381.6321428571
1;1;1;1;0;0;0;0;1;1;0;0;1;0;0;0;0;1;0;1;0;0;0;0;0;1;0;0;0;0;0;1;10697.9357142857
1;1;1;1;0;0;0;1;0;1;0;0;0;0;1;0;0;1;0;0;0;0;1;0;0;1;0;0;0;0;0;1;10636.3571428571
1;1;1;1;0;0;0;1;0;1;0;0;0;0;0;0;1;1;0;0;1;0;0;0;0;1;0;0;0;0;0;1;10548.6678571429
1;1;1;1;0;0;1;0;0;1;0;0;1;0;0;0;0;1;0;0;1;0;0;0;0;1;0;0;0;0;0;1;10758.9607142857
1;1;1;0;1;0;0;1;0;1;0;0;0;1;0;0;0;1;0;0;0;0;0;0;1;1;0;0;0;0;0;1;11625.2428571429
1;1;1;1;0;0;0;0;1;1;0;0;1;0;0;0;0;1;0;0;0;0;1;0;0;1;0;0;0;0;0;1;10583.3678571429
1;1;1;1;0;0;1;0;0;1;0;0;0;0;0;0;1;1;0;0;1;0;0;0;0;1;0;0;0;0;1;0;12951.625
1;1;1;0;1;0;0;0;1;1;0;0;0;0;0;0;1;1;0;0;1;0;0;0;0;1;1;0;0;0;0;0;9687.88821428571
1;1;1;0;1;0;1;0;0;1;0;0;0;0;0;0;1;1;0;0;0;0;0;1;0;1;0;0;0;0;0;1;11623.3035714286
1;1;1;1;0;0;0;0;1;1;0;0;0;1;0;0;0;1;1;0;0;0;0;0;0;1;0;0;0;0;0;1;13207.3821428571
1;1;1;0;1;1;0;0;0;1;0;0;0;1;0;0;0;1;0;1;0;0;0;0;0;1;0;0;0;0;0;1;14549.9571428571
1;1;1;0;1;0;1;0;0;1;0;1;0;0;0;0;0;1;0;0;0;0;0;0;1;1;0;0;0;0;0;1;11833.8321428571
1;1;1;1;0;0;0;1;0;1;0;0;0;1;0;0;0;1;0;0;0;0;0;0;1;1;0;0;0;0;0;1;10629.8428571429
1;1;1;1;0;0;1;0;0;1;0;0;0;1;0;0;0;1;0;0;0;0;0;1;0;1;0;0;0;0;0;1;10767.2214285714
1;1;1;0;1;0;0;0;1;1;0;0;1;0;0;0;0;1;0;0;1;0;0;0;0;1;0;0;0;0;0;1;11595.4607142857
1;1;1;0;1;0;0;0;1;1;0;0;1;0;0;0;0;1;1;0;0;0;0;0;0;1;0;0;0;0;0;1;14612.6107142857
1;1;1;0;1;0;1;0;0;1;0;0;1;0;0;0;0;1;0;0;0;1;0;0;0;1;0;0;0;0;0;1;11653.1571428571
1;1;1;1;0;0;0;1;0;1;0;0;0;1;0;0;0;1;1;0;0;0;0;0;0;1;1;0;0;0;0;0;8833.54821428571
1;1;1;0;1;0;1;0;0;1;0;0;1;0;0;0;0;1;0;1;0;0;0;0;0;1;0;0;0;0;0;1;14652.475
1;1;1;1;0;0;1;0;0;1;0;0;0;0;0;0;1;1;0;0;0;0;1;0;0;1;0;0;0;0;0;1;10744.3892857143
1;1;1;0;1;0;0;1;0;1;0;0;0;0;0;0;1;1;0;0;0;0;0;1;0;1;0;0;0;0;0;1;11688.2107142857
1;1;1;1;0;0;1;0;0;1;0;0;0;0;0;0;1;1;0;0;0;0;0;0;1;1;0;0;0;0;0;1;10687.4035714286
1;1;1;0;1;0;1;0;0;1;0;0;0;0;1;0;0;1;0;0;1;0;0;0;0;1;0;0;0;0;0;1;11664.9214285714
1;1;1;0;1;0;0;1;0;1;0;0;0;1;0;0;0;1;0;1;0;0;0;0;0;1;0;0;0;0;0;1;14688.65
1;1;1;0;1;0;0;1;0;1;0;0;0;1;0;0;0;1;0;0;1;0;0;0;0;1;0;0;0;0;0;1;11677.1285714286
1;1;1;0;1;1;0;0;0;1;0;0;0;0;0;0;1;1;0;0;0;0;1;0;0;1;0;0;0;0;0;1;11676.4714285714
1;1;1;1;0;0;0;0;1;1;0;0;0;0;1;0;0;1;1;0;0;0;0;0;0;1;1;0;0;0;0;0;10941.0035714286
1;1;1;1;0;1;0;0;0;1;0;0;1;0;0;0;0;1;0;1;0;0;0;0;0;1;0;0;0;0;0;1;13184.5892857143
1;1;1;0;1;0;0;0;1;1;0;0;1;0;0;0;0;1;0;0;0;0;1;0;0;1;0;0;0;0;0;1;11656.1285714286
1;1;1;1;0;0;0;1;0;1;0;0;0;0;0;0;1;1;0;0;0;0;0;0;1;1;0;0;0;0;0;1;10677.1535714286
1;1;1;1;0;1;0;0;0;1;0;0;0;1;0;0;0;1;1;0;0;0;0;0;0;1;0;0;0;0;0;1;18560.5964285714
1;1;1;0;1;1;0;0;0;1;0;0;1;0;0;0;0;1;0;0;0;0;0;1;0;1;0;0;0;0;0;1;11659.8714285714
1;1;1;1;0;1;0;0;0;1;0;0;1;0;0;0;0;1;0;0;0;0;1;0;0;1;0;0;0;0;0;1;10562.8857142857
1;1;1;1;0;0;0;0;1;1;0;0;0;0;0;0;1;1;0;0;1;0;0;0;0;1;0;1;0;0;0;0;9392.68321428571
1;1;1;0;1;0;1;0;0;1;0;0;0;0;0;1;0;1;0;0;0;0;0;0;1;1;0;0;0;0;0;1;11656.3928571429
1;1;1;1;0;0;0;0;1;1;0;0;1;0;0;0;0;1;0;0;0;0;0;1;0;1;0;0;0;0;0;1;7933.42714285714
1;1;1;0;1;0;0;0;1;1;0;0;0;0;0;0;1;1;1;0;0;0;0;0;0;1;0;0;0;0;0;1;14492.7964285714
1;1;1;1;0;0;0;1;0;1;0;0;0;0;0;0;1;1;0;0;0;1;0;0;0;1;0;0;0;0;0;1;10588.3285714286
1;1;1;1;0;0;0;0;1;1;0;0;0;0;0;0;1;1;0;0;0;0;1;0;0;1;0;0;0;0;0;1;7917.30107142857
1;1;1;0;1;0;0;1;0;1;0;0;0;1;0;0;0;1;0;0;0;1;0;0;0;1;0;0;0;0;0;1;11689.3607142857
1;1;1;1;0;1;0;0;0;1;0;0;0;0;1;0;0;1;0;0;0;0;1;0;0;1;0;0;0;0;0;1;10627.5678571429
1;1;1;0;1;0;1;0;0;1;0;0;0;0;1;0;0;1;0;0;0;0;0;1;0;1;0;0;0;0;0;1;11699.1892857143
1;1;1;1;0;0;0;0;1;1;0;0;0;0;1;0;0;1;0;0;1;0;0;0;0;1;0;0;0;0;0;1;10552.0857142857
1;1;1;0;1;0;1;0;0;1;0;0;1;0;0;0;0;1;1;0;0;0;0;0;0;1;0;0;0;0;0;1;14499.85
1;1;1;0;1;0;0;0;1;1;0;0;0;1;0;0;0;1;0;0;0;0;1;0;0;1;0;0;0;0;0;1;8751.44142857143
1;1;1;1;0;0;1;0;0;1;0;0;0;0;1;0;0;1;0;0;0;1;0;0;0;1;0;0;0;0;0;1;10796.1071428571
1;1;1;0;1;0;1;0;0;1;0;0;0;0;0;0;1;1;0;0;0;1;0;0;0;1;0;0;0;0;0;1;11694.5464285714
1;1;1;0;1;0;1;0;0;1;0;0;1;0;0;0;0;1;0;0;0;0;0;0;1;1;0;0;0;0;0;1;11741.1178571429
1;1;1;1;0;0;1;0;0;1;0;0;0;0;1;0;0;1;0;0;0;0;0;1;0;1;0;0;0;0;0;1;10730.6321428571
1;1;1;1;0;0;0;1;0;1;0;0;0;0;0;0;1;1;0;0;0;0;1;0;0;1;0;0;0;0;0;1;10578.9214285714
1;1;1;0;1;0;0;1;0;1;0;0;0;0;1;0;0;1;0;0;0;1;0;0;0;1;0;0;0;0;0;1;11651.575
1;1;1;0;1;0;1;0;0;1;0;0;0;0;0;0;1;1;0;0;1;0;0;0;0;1;0;0;0;1;0;0;10871.0392857143
1;1;1;0;1;0;1;0;0;1;0;0;0;0;0;0;1;1;0;1;0;0;0;0;0;1;0;0;0;0;0;1;11658.5178571429
1;1;1;1;0;0;1;0;0;1;0;0;0;1;0;0;0;1;0;0;0;0;1;0;0;1;0;0;0;0;0;1;10709.3928571429
1;1;1;1;0;0;1;0;0;1;0;0;0;0;1;0;0;1;0;0;0;0;1;0;0;1;0;0;0;0;0;1;10721.2892857143
1;1;1;0;1;0;0;0;1;1;0;0;0;0;0;0;1;1;0;1;0;0;0;0;0;1;0;0;0;0;0;1;11738.7642857143
1;1;1;1;0;1;0;0;0;1;0;1;0;0;0;0;0;1;1;0;0;0;0;0;0;1;1;0;0;0;0;0;28465.4178571429
1;1;1;0;1;0;1;0;0;1;0;0;0;0;1;0;0;1;0;1;0;0;0;0;0;1;0;0;0;0;0;1;11630.9392857143
1;1;1;1;0;0;0;0;1;1;0;0;0;0;0;1;0;1;1;0;0;0;0;0;0;1;1;0;0;0;0;0;11036.9178571429
1;1;1;1;0;1;0;0;0;1;0;0;0;0;0;0;1;1;0;1;0;0;0;0;0;1;0;0;0;0;0;1;13204.0321428571
1;1;1;0;1;1;0;0;0;1;0;0;0;1;0;0;0;1;0;0;1;0;0;0;0;1;0;0;0;0;0;1;11641.375
1;1;1;0;1;0;1;0;0;1;0;0;0;0;0;0;1;1;0;0;0;0;0;0;1;1;0;0;0;0;0;1;11700.1714285714
1;1;1;0;1;0;0;0;1;1;0;0;0;0;1;0;0;1;0;0;0;0;0;1;0;1;0;0;0;0;0;1;8691.52642857143
1;1;1;1;0;0;0;0;1;1;0;0;0;1;0;0;0;1;0;0;0;0;0;0;1;1;0;0;0;0;0;1;7962.53821428571
1;1;1;0;1;0;1;0;0;1;0;0;1;0;0;0;0;1;0;0;0;0;0;1;0;1;0;0;0;0;0;1;11610.725
1;1;1;0;1;0;1;0;0;1;0;0;0;1;0;0;0;1;0;0;1;0;0;0;0;1;0;0;0;0;0;1;11662.6321428571
1;1;1;0;1;0;0;1;0;1;0;0;0;0;0;0;1;1;1;0;0;0;0;0;0;1;0;0;0;0;0;1;14499.1357142857
1;1;1;1;0;0;0;0;1;1;0;0;0;0;0;0;1;1;0;0;1;0;0;0;0;1;1;0;0;0;0;0;8897.71571428572
1;1;1;0;1;0;0;0;1;1;0;0;0;0;1;0;0;1;0;1;0;0;0;0;0;1;0;0;0;0;0;1;11714.8892857143
1;1;1;1;0;0;0;0;1;1;0;0;0;0;0;0;1;1;0;0;1;0;0;0;0;1;0;0;0;1;0;0;9976.33214285715
1;1;1;1;0;0;0;0;1;1;0;0;0;0;0;0;1;1;1;0;0;0;0;0;0;1;1;0;0;0;0;0;8754.27571428572
1;1;1;1;0;0;0;0;1;1;0;0;0;0;1;0;0;1;0;0;0;0;0;0;1;1;0;0;0;0;0;1;7937.0025
1;1;1;0;1;1;0;0;0;1;0;0;1;0;0;0;0;1;0;0;0;1;0;0;0;1;0;0;0;0;0;1;11590.9464285714
1;1;1;1;0;0;0;0;1;1;0;0;0;0;1;0;0;1;0;1;0;0;0;0;0;1;0;0;0;0;0;1;10656.1107142857
1;1;1;0;1;0;0;1;0;1;0;0;1;0;0;0;0;1;0;0;1;0;0;0;0;1;0;0;0;0;0;1;11672.7285714286
1;1;1;1;0;0;0;0;1;1;0;0;0;1;0;0;0;1;0;0;0;0;1;0;0;1;0;0;0;0;0;1;7981.63464285714
1;1;1;0;1;0;0;0;1;1;0;0;0;0;0;0;1;1;0;0;1;0;0;0;0;1;0;0;1;0;0;0;10514.4071428571
1;1;1;1;0;1;0;0;0;1;0;0;0;1;0;0;0;1;0;0;1;0;0;0;0;1;0;0;0;0;0;1;10614.5178571429
1;1;1;1;0;0;1;0;0;1;0;0;0;0;0;1;0;1;0;0;0;0;0;0;1;1;0;0;0;0;0;1;7976.0775
1;1;1;1;0;0;0;0;1;1;0;0;0;0;0;0;1;1;0;0;0;0;0;1;0;1;0;0;0;0;0;1;7917.62428571429
1;1;1;1;0;0;1;0;0;1;1;0;0;0;0;0;0;1;0;0;0;0;0;0;1;1;0;0;0;0;0;1;10638.0571428571
1;1;1;0;1;1;0;0;0;1;0;0;0;0;0;0;1;1;0;0;1;0;0;0;0;1;0;0;0;0;0;1;11611.9178571429
1;1;1;0;1;0;1;0;0;1;0;0;0;1;0;0;0;1;0;0;0;0;0;0;1;1;0;0;0;0;0;1;11620.2964285714
1;1;1;0;1;0;0;0;1;1;0;0;0;1;0;0;0;1;1;0;0;0;0;0;0;1;0;0;0;0;0;1;14506.4285714286
1;1;1;0;1;1;0;0;0;1;0;0;0;0;1;0;0;1;0;1;0;0;0;0;0;1;0;0;0;0;0;1;14503.7321428571
1;1;1;0;1;0;0;0;1;1;0;0;0;0;0;0;1;1;0;0;1;0;0;0;0;1;0;0;0;0;0;1;11600.4607142857
1;1;1;1;0;0;0;1;0;1;0;0;1;0;0;0;0;1;0;0;0;0;0;0;1;1;0;0;0;0;0;1;10617.8964285714
1;1;1;0;1;0;0;1;0;1;0;0;0;0;0;0;1;1;0;1;0;0;0;0;0;1;0;0;0;0;0;1;11617.3428571429
1;1;1;1;0;0;1;0;0;1;0;0;0;0;0;0;1;1;0;0;1;0;0;0;0;1;0;0;0;1;0;0;10031.4114285714
1;1;1;1;0;0;1;0;0;1;0;0;0;1;0;0;0;1;0;0;1;0;0;0;0;1;0;0;0;0;0;1;10621.3571428571
1;1;1;1;0;1;0;0;0;1;0;0;0;1;0;0;0;1;0;0;0;0;1;0;0;1;0;0;0;0;0;1;10549.575
1;1;1;1;0;0;0;1;0;1;0;0;1;0;0;0;0;1;1;0;0;0;0;0;0;1;1;0;0;0;0;0;8801.73857142857
1;1;1;0;1;0;1;0;0;1;0;0;0;0;1;0;0;1;1;0;0;0;0;0;0;1;0;0;0;0;0;1;17408.4964285714
1;1;1;1;0;0;0;1;0;1;0;0;0;0;1;0;0;1;0;0;0;0;0;0;1;1;0;0;0;0;0;1;10620.8464285714
1;1;1;1;0;0;1;0;0;1;0;0;0;0;1;0;0;1;0;0;1;0;0;0;0;1;0;0;0;0;0;1;10659.9678571429
1;1;1;1;0;0;0;0;1;1;0;0;1;0;0;0;0;1;1;0;0;0;0;0;0;1;0;0;0;0;0;1;13293.5821428571
1;1;1;1;0;0;0;1;0;1;0;0;1;0;0;0;0;1;0;0;1;0;0;0;0;1;0;0;0;0;0;1;10596.3357142857
1;1;1;0;1;0;0;1;0;1;0;0;0;0;0;0;1;1;0;0;1;0;0;0;0;1;0;0;0;0;0;1;11628.6821428571
1;1;1;1;0;1;0;0;0;1;0;0;0;0;0;0;1;1;0;0;1;0;0;0;0;1;0;0;0;0;0;1;10666.1035714286
1;1;1;0;1;0;1;0;0;1;1;0;0;0;0;0;0;1;0;0;0;0;0;0;1;1;0;0;0;0;0;1;11633.6178571429
1;1;1;0;1;0;0;0;1;1;0;0;0;1;0;0;0;1;0;1;0;0;0;0;0;1;0;0;0;0;0;1;11608.9892857143
1;1;1;1;0;1;0;0;0;1;0;0;1;0;0;0;0;1;0;0;0;1;0;0;0;1;0;0;0;0;0;1;10554.3821428571
1;1;1;0;1;0;0;1;0;1;0;0;0;0;1;0;0;1;1;0;0;0;0;0;0;1;0;0;0;0;0;1;14498.2678571429
1;1;1;0;1;0;0;0;1;1;0;0;1;0;0;0;0;1;0;0;0;1;0;0;0;1;0;0;0;0;0;1;11593.4357142857
1;1;1;1;0;1;0;0;0;1;0;0;0;0;1;0;0;1;1;0;0;0;0;0;0;1;0;0;0;0;0;1;15837.3285714286
1;1;1;0;1;1;0;0;0;1;0;0;0;1;0;0;0;1;0;0;0;0;0;0;1;1;0;0;0;0;0;1;11739.8428571429
1;1;1;1;0;1;0;0;0;1;0;0;1;0;0;0;0;1;0;0;1;0;0;0;0;1;0;0;0;0;0;1;10576.2857142857
1;1;1;0;1;1;0;0;0;1;0;0;0;1;0;0;0;1;1;0;0;0;0;0;0;1;0;0;0;0;0;1;20278.825
1;1;1;0;1;1;0;0;0;1;0;0;0;0;1;0;0;1;0;0;0;0;1;0;0;1;0;0;0;0;0;1;11613.0607142857
1;1;1;1;0;0;1;0;0;1;0;0;0;1;0;0;0;1;0;0;0;1;0;0;0;1;0;0;0;0;0;1;10630.6321428571
1;1;1;1;0;0;0;0;1;1;0;0;0;0;1;0;0;1;1;0;0;0;0;0;0;1;0;0;0;0;0;1;13226.2071428571
1;1;1;0;1;0;0;0;1;1;0;0;0;1;0;0;0;1;0;0;0;1;0;0;0;1;0;0;0;0;0;1;11816.925
1;1;1;1;0;0;1;0;0;1;0;0;0;0;0;0;1;1;1;0;0;0;0;0;0;1;0;0;0;0;0;1;13298.95
1;1;1;0;1;0;0;1;0;1;0;0;1;0;0;0;0;1;0;0;0;1;0;0;0;1;0;0;0;0;0;1;11592.9785714286
1;1;1;1;0;0;1;0;0;1;0;0;0;0;1;0;0;1;1;0;0;0;0;0;0;1;0;0;0;0;0;1;15971.8928571429
1;1;1;0;1;0;0;0;1;1;0;0;1;0;0;0;0;1;0;0;0;0;0;1;0;1;0;0;0;0;0;1;8848.59785714286
1;1;1;1;0;0;0;0;1;1;0;0;0;1;0;0;0;1;0;1;0;0;0;0;0;1;0;0;0;0;0;1;10788.2035714286
1;1;1;1;0;0;0;1;0;1;0;0;1;0;0;0;0;1;1;0;0;0;0;0;0;1;0;0;0;0;0;1;10947.9
1;1;1;1;0;1;0;0;0;1;0;0;0;0;0;0;1;1;0;0;1;0;0;0;0;1;0;0;0;0;1;0;10379.7785714286
1;1;1;0;1;0;0;0;1;1;0;0;0;1;0;0;0;1;0;0;0;0;0;0;1;1;0;0;0;0;0;1;8780.5575
1;1;1;0;1;0;0;1;0;1;0;0;0;0;0;0;1;1;0;0;0;0;0;0;1;1;0;0;0;0;0;1;11682.825
1;1;1;0;1;0;0;0;1;1;0;0;0;0;0;1;0;1;0;0;0;0;0;0;1;1;0;0;0;0;0;1;8846.50142857143
1;1;1;1;0;0;1;0;0;1;0;1;0;0;0;0;0;1;1;0;0;0;0;0;0;1;1;0;0;0;0;0;17656.0071428571
1;1;1;0;1;0;0;1;0;1;0;0;0;0;1;0;0;1;0;0;0;0;0;0;1;1;0;0;0;0;0;1;11656.6714285714
1;1;1;0;1;0;0;1;0;1;0;0;0;0;0;0;1;1;0;0;0;0;1;0;0;1;0;0;0;0;0;1;11735.6928571429
1;1;1;0;1;0;0;0;1;1;0;0;0;0;0;0;1;1;0;0;0;0;0;1;0;1;0;0;0;0;0;1;8738.50214285714
1;1;1;0;1;0;1;0;0;1;0;0;0;0;1;0;0;1;0;0;0;0;1;0;0;1;0;0;0;0;0;1;11633.6892857143
1;1;1;1;0;1;0;0;0;1;0;0;0;1;0;0;0;1;0;1;0;0;0;0;0;1;0;0;0;0;0;1;13214.5142857143
1;1;1;1;0;1;0;0;0;1;0;0;0;0;0;0;1;1;0;0;0;0;0;1;0;1;0;0;0;0;0;1;10559.5892857143
1;1;1;0;1;1;0;0;0;1;0;0;0;0;1;0;0;1;0;0;0;0;0;1;0;1;0;0;0;0;0;1;11708.5357142857
1;1;1;1;0;1;0;0;0;1;0;0;1;0;0;0;0;1;0;0;0;0;0;0;1;1;0;0;0;0;0;1;10563.3714285714
1;1;1;1;0;0;1;0;0;1;0;0;0;0;1;0;0;1;0;0;0;0;0;0;1;1;0;0;0;0;0;1;10757.1214285714
1;1;1;1;0;0;0;0;1;1;0;0;0;1;0;0;0;1;0;0;1;0;0;0;0;1;0;0;0;0;0;1;10640.2285714286
1;1;1;1;0;0;1;0;0;1;0;1;0;0;0;0;0;1;0;0;0;0;0;0;1;1;0;0;0;0;0;1;10730.3714285714
1;1;1;1;0;0;0;1;0;1;0;0;1;0;0;0;0;1;0;0;0;0;0;1;0;1;0;0;0;0;0;1;10752.7964285714
1;1;1;1;0;1;0;0;0;1;0;0;0;1;0;0;0;1;0;0;0;0;0;1;0;1;0;0;0;0;0;1;10583.5392857143
1;1;1;1;0;1;0;0;0;1;0;0;0;0;1;0;0;1;0;0;0;1;0;0;0;1;0;0;0;0;0;1;10632.3071428571
1;1;1;0;1;1;0;0;0;1;0;0;1;0;0;0;0;1;0;0;1;0;0;0;0;1;0;0;0;0;0;1;11570.85
1;1;1;1;0;1;0;0;0;1;0;0;0;0;1;0;0;1;0;0;1;0;0;0;0;1;0;0;0;0;0;1;10547.3107142857
1;1;1;1;0;0;0;1;0;1;0;0;1;0;0;0;0;1;0;1;0;0;0;0;0;1;0;0;0;0;0;1;13218.4964285714
1;1;1;0;1;1;0;0;0;1;0;0;0;0;1;0;0;1;0;0;0;1;0;0;0;1;0;0;0;0;0;1;11671.4607142857
1;1;1;0;1;0;0;1;0;1;0;0;1;0;0;0;0;1;1;0;0;0;0;0;0;1;0;0;0;0;0;1;14555.5607142857
1;1;1;0;1;0;0;0;1;1;0;0;0;1;0;0;0;1;0;0;0;0;0;1;0;1;0;0;0;0;0;1;8961.70857142857
1;1;1;1;0;0;0;0;1;1;0;0;0;1;0;0;0;1;1;0;0;0;0;0;0;1;1;0;0;0;0;0;10976.7428571429
1;1;1;1;0;0;0;0;1;1;0;0;1;0;0;0;0;1;0;0;0;0;0;0;1;1;0;0;0;0;0;1;7909.315
1;1;1;0;1;1;0;0;0;1;0;0;1;0;0;0;0;1;0;0;0;0;1;0;0;1;0;0;0;0;0;1;11592.9642857143
1;1;1;0;1;0;0;1;0;1;0;0;1;0;0;0;0;1;0;0;0;0;0;1;0;1;0;0;0;0;0;1;11590.9285714286
1;1;1;1;0;0;1;0;0;1;0;0;1;0;0;0;0;1;0;0;0;1;0;0;0;1;0;0;0;0;0;1;10883.8142857143
1;1;1;1;0;0;1;0;0;1;0;0;0;0;1;0;0;1;0;1;0;0;0;0;0;1;0;0;0;0;0;1;10657.6857142857
1;1;1;1;0;0;0;1;0;1;0;0;0;0;0;0;1;1;0;0;0;0;0;1;0;1;0;0;0;0;0;1;10702.3321428571
1;1;1;0;1;1;0;0;0;1;0;0;0;0;0;0;1;1;0;0;1;0;0;0;0;1;0;0;0;0;1;0;11237.6357142857
1;1;1;1;0;1;0;0;0;1;0;0;1;0;0;0;0;1;0;0;0;0;0;1;0;1;0;0;0;0;0;1;10630.5321428571
1;1;1;0;1;0;0;1;0;1;0;0;0;0;0;0;1;1;0;0;0;1;0;0;0;1;0;0;0;0;0;1;11673.5321428571
1;1;1;0;1;0;0;0;1;1;0;0;0;0;0;0;1;1;0;0;1;0;0;0;0;1;0;0;0;1;0;0;10810.4892857143
1;1;1;1;0;0;0;1;0;1;0;0;0;1;0;0;0;1;0;0;0;1;0;0;0;1;0;0;0;0;0;1;10622.7964285714
1;1;1;1;0;0;0;1;0;1;0;0;0;0;1;0;0;1;0;0;0;0;0;1;0;1;0;0;0;0;0;1;10613.0178571429
1;1;1;0;1;0;0;0;1;1;0;0;0;1;0;0;0;1;0;0;1;0;0;0;0;1;0;0;0;0;0;1;11663.2821428571
1;1;1;1;0;1;0;0;0;1;0;0;0;0;0;0;1;1;0;0;0;0;0;0;1;1;0;0;0;0;0;1;10742.7464285714
1;1;1;0;1;0;1;0;0;1;0;0;0;0;1;0;0;1;0;0;0;1;0;0;0;1;0;0;0;0;0;1;11613.7857142857
1;1;1;0;1;1;0;0;0;1;0;0;0;0;0;0;1;1;0;1;0;0;0;0;0;1;0;0;0;0;0;1;14540.7357142857
1;1;1;1;0;0;0;0;1;1;0;0;0;0;1;0;0;1;0;0;0;0;1;0;0;1;0;0;0;0;0;1;7905.21785714286
1;1;1;1;0;0;0;0;1;1;0;0;0;0;0;0;1;1;0;0;1;0;0;0;0;1;0;0;0;0;1;0;10574.1857142857
1;1;1;0;1;1;0;0;0;1;0;0;0;1;0;0;0;1;0;0;0;1;0;0;0;1;0;0;0;0;0;1;11568.0357142857
