iv_users;ipsccp;gvn;print_used_types;instcombine;time_passes;jump_threading;sccp;simplifycfg;inline;root;licm;Performance
0;0;0;0;0;1;0;0;0;1;1;1;220.866666667
0;0;0;0;0;1;0;0;1;0;1;1;219.496666667
0;0;0;0;0;1;0;0;1;1;1;0;218.153333333
0;0;0;0;0;1;0;1;0;0;1;1;217.396666667
0;0;0;0;0;1;0;1;0;1;1;0;214.72
0;0;0;0;0;1;0;1;1;0;1;0;205.206666667
0;0;0;0;0;1;1;0;0;0;1;1;220.08
0;0;0;0;0;1;1;0;0;1;1;0;217.29
0;0;0;0;0;1;1;0;1;0;1;0;205.946666667
0;0;0;0;0;1;1;1;0;0;1;0;207.233333333
0;0;0;0;1;1;0;0;0;0;1;1;257.333333333
0;0;0;0;1;1;0;0;0;1;1;0;224.95
0;0;0;0;1;1;0;0;1;0;1;0;224.073333333
0;0;0;0;1;1;0;1;0;0;1;0;222.433333333
0;0;0;0;1;1;1;0;0;0;1;0;234.08
0;0;0;1;0;1;0;0;0;0;1;1;216.636666667
0;0;0;1;0;1;0;0;0;1;1;0;213.183333333
0;0;0;1;0;1;0;0;1;0;1;0;207.12
0;0;0;1;0;1;0;1;0;0;1;0;202.386666667
0;0;0;1;0;1;1;0;0;0;1;0;204.686666667
0;0;0;1;1;1;0;0;0;0;1;0;221.376666667
0;0;1;0;0;1;0;0;0;0;1;1;267.426666667
0;0;1;0;0;1;0;0;1;0;1;0;230.74
0;0;1;0;0;1;0;1;0;0;1;0;229.166666667
0;0;1;0;0;1;1;0;0;0;1;0;232.2
0;0;1;0;1;1;0;0;0;0;1;0;232.7
0;0;1;1;0;1;0;0;0;0;1;0;227.853333333
0;1;0;0;0;1;0;0;0;0;1;1;213.266666667
0;1;0;0;0;1;0;0;0;1;1;0;209.703333333
0;1;0;0;0;1;0;1;0;0;1;0;203.636666667
0;1;0;0;0;1;1;0;0;0;1;0;201.546666667
0;1;0;0;1;1;0;0;0;0;1;0;218.816666667
0;1;0;1;0;1;0;0;0;0;1;0;199.953333333
0;1;1;0;0;1;0;0;0;0;1;0;224.43
1;0;0;0;0;1;0;0;0;0;1;1;212.446666667
1;0;0;0;0;1;0;0;0;1;1;0;207.746666667
1;0;0;0;0;1;0;0;1;0;1;0;200.38
1;0;0;0;0;1;0;1;0;0;1;0;200.66
1;0;0;0;0;1;1;0;0;0;1;0;199.683333333
1;0;0;0;1;1;0;0;0;0;1;0;216.403333333
1;0;0;1;0;1;0;0;0;0;1;0;203.18
1;0;1;0;0;1;0;0;0;0;1;0;219.153333333
1;1;0;0;0;1;0;0;0;0;1;0;202.233333333
0;0;0;0;0;1;0;0;1;1;1;1;266.19
0;0;0;0;0;1;0;1;0;1;1;1;248.196666667
0;0;0;0;0;1;0;1;1;0;1;1;217.68
0;0;0;0;0;1;0;1;1;1;1;0;217.236666667
0;0;0;0;0;1;1;0;0;1;1;1;266.323333333
0;0;0;0;0;1;1;0;1;0;1;1;218.073333333
0;0;0;0;0;1;1;0;1;1;1;0;216.373333333
0;0;0;0;0;1;1;1;0;0;1;1;219.313333333
0;0;0;0;0;1;1;1;0;1;1;0;214.343333333
0;0;0;0;0;1;1;1;1;0;1;0;206.616666667
0;0;0;0;1;1;0;0;0;1;1;1;256.246666667
0;0;0;0;1;1;0;0;1;0;1;1;237.103333333
0;0;0;0;1;1;0;0;1;1;1;0;230.536666667
0;0;0;0;1;1;0;1;0;0;1;1;234.866666667
0;0;0;0;1;1;0;1;0;1;1;0;232.116666667
0;0;0;0;1;1;0;1;1;0;1;0;222.52
0;0;0;0;1;1;1;0;0;0;1;1;237.696666667
0;0;0;0;1;1;1;0;0;1;1;0;224.326666667
0;0;0;0;1;1;1;0;1;0;1;0;233.276666667
0;0;0;0;1;1;1;1;0;0;1;0;222.823333333
0;0;0;1;0;1;0;0;1;0;1;1;219.306666667
0;0;0;1;0;1;0;0;1;1;1;0;214.886666667
0;0;0;1;0;1;0;1;0;0;1;1;215.13
0;0;0;1;0;1;0;1;0;1;1;0;212.516666667
0;0;0;1;0;1;0;1;1;0;1;0;203.19
0;0;0;1;0;1;1;0;0;0;1;1;217.063333333
0;0;0;1;0;1;1;0;1;0;1;0;202.936666667
0;0;0;1;0;1;1;1;0;0;1;0;207.89
0;0;0;1;1;1;0;0;0;0;1;1;234.266666667
0;0;0;1;1;1;0;0;0;1;1;0;229.276666667
0;0;0;1;1;1;0;0;1;0;1;0;224.176666667
0;0;0;1;1;1;0;1;0;0;1;0;220.423333333
0;0;0;1;1;1;1;0;0;0;1;0;221.783333333
0;0;1;0;0;1;0;0;0;1;1;1;240.346666667
0;0;1;0;0;1;0;0;1;0;1;1;238.753333333
0;0;1;0;0;1;0;0;1;1;1;0;242.156666667
0;0;1;0;0;1;0;1;0;0;1;1;237.133333333
0;0;1;0;0;1;0;1;1;0;1;0;229.676666667
0;0;1;0;0;1;1;0;0;0;1;1;256.223333333
0;0;1;0;0;1;1;0;0;1;1;0;257.513333333
0;0;1;0;0;1;1;0;1;0;1;0;229.856666667
0;0;1;0;0;1;1;1;0;0;1;0;231.19
0;0;1;0;1;1;0;0;0;0;1;1;238.23
0;0;1;0;1;1;0;0;1;0;1;0;246.756666667
0;0;1;0;1;1;0;1;0;0;1;0;244.5
0;0;1;0;1;1;1;0;0;0;1;0;245.936666667
0;0;1;1;0;1;0;0;0;0;1;1;236.21
0;0;1;1;0;1;0;0;0;1;1;0;238.62
0;0;1;1;0;1;0;1;0;0;1;0;226.503333333
0;0;1;1;0;1;1;0;0;0;1;0;228.936666667
0;0;1;1;1;1;0;0;0;0;1;0;242.916666667
0;1;0;0;0;1;0;0;0;1;1;1;243.793333333
0;1;0;0;0;1;0;0;1;0;1;1;214.283333333
0;1;0;0;0;1;0;0;1;1;1;0;211.743333333
0;1;0;0;0;1;0;1;0;0;1;1;216.223333333
0;1;0;0;0;1;0;1;0;1;1;0;212.94
0;1;0;0;0;1;0;1;1;0;1;0;202.063333333
0;1;0;0;0;1;1;0;0;0;1;1;213.86
0;1;0;0;0;1;1;0;0;1;1;0;211.273333333
0;1;0;0;0;1;1;0;1;0;1;0;203.933333333
0;1;0;0;0;1;1;1;0;0;1;0;203.56
0;1;0;0;1;1;0;0;0;0;1;1;231.996666667
0;1;0;0;1;1;0;0;0;1;1;0;227.013333333
0;1;0;0;1;1;0;0;1;0;1;0;219.966666667
0;1;0;0;1;1;0;1;0;0;1;0;221.166666667
0;1;0;0;1;1;1;0;0;0;1;0;219.396666667
0;1;0;1;0;1;0;0;0;0;1;1;213.533333333
0;1;0;1;0;1;0;0;0;1;1;0;208.37
0;1;0;1;0;1;0;0;1;0;1;0;204.963333333
0;1;0;1;0;1;0;1;0;0;1;0;204.176666667
0;1;0;1;0;1;1;0;0;0;1;0;200.82
0;1;0;1;1;1;0;0;0;0;1;0;217.286666667
0;1;1;0;0;1;0;0;0;0;1;1;232.616666667
0;1;1;0;0;1;0;0;0;1;1;0;236.243333333
0;1;1;0;0;1;0;0;1;0;1;0;227.393333333
0;1;1;0;0;1;0;1;0;0;1;0;227.78
0;1;1;0;0;1;1;0;0;0;1;0;226.7
0;1;1;0;1;1;0;0;0;0;1;0;240.163333333
0;1;1;1;0;1;0;0;0;0;1;0;221.333333333
1;0;0;0;0;1;0;0;0;1;1;1;241.776666667
1;0;0;0;0;1;0;0;1;0;1;1;213.48
1;0;0;0;0;1;0;0;1;1;1;0;209.583333333
1;0;0;0;0;1;0;1;0;1;1;0;210.706666667
1;0;0;0;0;1;0;1;1;0;1;0;205.363333333
1;0;0;0;0;1;1;0;0;0;1;1;212.92
1;0;0;0;0;1;1;0;0;1;1;0;208.986666667
1;0;0;0;0;1;1;0;1;0;1;0;200.923333333
1;0;0;0;0;1;1;1;0;0;1;0;201.703333333
1;0;0;0;1;1;0;0;0;0;1;1;230.74
1;0;0;0;1;1;0;0;0;1;1;0;224.49
1;0;0;0;1;1;0;0;1;0;1;0;217.696666667
1;0;0;0;1;1;0;1;0;0;1;0;218.096666667
1;0;0;0;1;1;1;0;0;0;1;0;217.093333333
1;0;0;1;0;1;0;0;0;0;1;1;216.586666667
1;0;0;1;0;1;0;0;0;1;1;0;212.936666667
1;0;0;1;0;1;0;0;1;0;1;0;201.47
1;0;0;1;0;1;0;1;0;0;1;0;201.896666667
1;0;0;1;0;1;1;0;0;0;1;0;204.05
1;0;0;1;1;1;0;0;0;0;1;0;220.396666667
1;0;1;0;0;1;0;0;0;0;1;1;228.3
1;0;1;0;0;1;0;0;0;1;1;0;230.166666667
1;0;1;0;0;1;0;0;1;0;1;0;222.236666667
1;0;1;0;0;1;0;1;0;0;1;0;221.25
1;0;1;0;0;1;1;0;0;0;1;0;221.606666667
1;0;1;0;1;1;0;0;0;0;1;0;234.87
1;0;1;1;0;1;0;0;0;0;1;0;224.733333333
1;1;0;0;0;1;0;0;0;0;1;1;215.606666667
1;1;0;0;0;1;0;0;0;1;1;0;211.39
1;1;0;0;0;1;0;0;1;0;1;0;203.53
1;1;0;0;0;1;0;1;0;0;1;0;205.13
1;1;0;0;0;1;1;0;0;0;1;0;202.933333333
1;1;0;0;1;1;0;0;0;0;1;0;219.283333333
1;1;0;1;0;1;0;0;0;0;1;0;201.52
1;1;1;0;0;1;0;0;0;0;1;0;223.683333333
0;0;0;0;0;1;0;1;1;1;1;1;265.69
0;0;0;0;0;1;1;1;0;1;1;1;263.31
0;0;0;0;0;1;1;1;1;0;1;1;218.96
0;0;0;0;0;1;1;1;1;1;1;0;217.466666667
0;0;0;0;1;1;0;0;1;1;1;1;252.266666667
0;0;0;0;1;1;0;1;1;0;1;1;234.42
0;0;0;0;1;1;0;1;1;1;1;0;231.39
0;0;0;0;1;1;1;0;0;1;1;1;269.516666667
0;0;0;0;1;1;1;0;1;0;1;1;235.91
0;0;0;0;1;1;1;0;1;1;1;0;223.773333333
0;0;0;0;1;1;1;1;0;0;1;1;236.736666667
0;0;0;0;1;1;1;1;0;1;1;0;230.08
0;0;0;0;1;1;1;1;1;0;1;0;232.66
0;0;0;1;0;1;0;0;1;1;1;1;263.58
0;0;0;1;0;1;0;1;0;1;1;1;259.393333333
0;0;0;1;0;1;0;1;1;0;1;1;215.483333333
0;0;0;1;0;1;0;1;1;1;1;0;218.233333333
0;0;0;1;0;1;1;0;0;1;1;1;264.736666667
0;0;0;1;0;1;1;0;1;0;1;1;215.02
0;0;0;1;0;1;1;0;1;1;1;0;212.713333333
0;0;0;1;0;1;1;1;0;0;1;1;219.826666667
0;0;0;1;0;1;1;1;0;1;1;0;211.59
0;0;0;1;0;1;1;1;1;0;1;0;204.513333333
0;0;0;1;1;1;0;0;0;1;1;1;248.896666667
0;0;0;1;1;1;0;0;1;0;1;1;235.853333333
0;0;0;1;1;1;0;0;1;1;1;0;228.653333333
0;0;0;1;1;1;0;1;0;0;1;1;233.543333333
0;0;0;1;1;1;0;1;0;1;1;0;232.76
0;0;0;1;1;1;1;0;0;0;1;1;234.383333333
0;0;0;1;1;1;1;0;0;1;1;0;232.143333333
0;0;0;1;1;1;1;0;1;0;1;0;222.896666667
0;0;0;1;1;1;1;1;0;0;1;0;221.056666667
0;0;1;0;0;1;0;0;1;1;1;1;252.21
0;0;1;0;0;1;0;1;0;1;1;1;253.983333333
0;0;1;0;0;1;0;1;1;0;1;1;237.89
0;0;1;0;0;1;0;1;1;1;1;0;240.233333333
0;0;1;0;0;1;1;0;0;1;1;1;239.963333333
0;0;1;0;0;1;1;0;1;0;1;1;255.643333333
0;0;1;0;0;1;1;0;1;1;1;0;257.54
0;0;1;0;0;1;1;1;0;1;1;0;240.826666667
0;0;1;0;0;1;1;1;1;0;1;0;230.59
0;0;1;0;1;1;0;0;0;1;1;1;253.15
0;0;1;0;1;1;0;0;1;0;1;1;255.213333333
0;0;1;0;1;1;0;0;1;1;1;0;253.963333333
0;0;1;0;1;1;0;1;0;0;1;1;252.836666667
0;0;1;0;1;1;0;1;0;1;1;0;255.473333333
0;0;1;0;1;1;0;1;1;0;1;0;246.48
0;0;1;0;1;1;1;0;0;0;1;1;254.34
0;0;1;0;1;1;1;0;0;1;1;0;243.783333333
0;0;1;0;1;1;1;0;1;0;1;0;245.756666667
0;0;1;0;1;1;1;1;0;0;1;0;244.49
0;0;1;1;0;1;0;0;0;1;1;1;250.876666667
0;0;1;1;0;1;0;0;1;0;1;1;239.593333333
0;0;1;1;0;1;0;0;1;1;1;0;242.546666667
0;0;1;1;0;1;0;1;0;0;1;1;234.696666667
0;0;1;1;0;1;0;1;0;1;1;0;238.78
0;0;1;1;0;1;0;1;1;0;1;0;227.443333333
0;0;1;1;0;1;1;0;0;0;1;1;237.333333333
0;0;1;1;0;1;1;0;0;1;1;0;239.563333333
0;0;1;1;0;1;1;0;1;0;1;0;227.94
0;0;1;1;0;1;1;1;0;0;1;0;231.796666667
0;0;1;1;1;1;0;0;0;0;1;1;252.18
0;0;1;1;1;1;0;0;0;1;1;0;253.053333333
0;0;1;1;1;1;0;0;1;0;1;0;244.73
0;0;1;1;1;1;0;1;0;0;1;0;242.786666667
0;1;0;0;0;1;0;0;1;1;1;1;258.16
0;1;0;0;0;1;0;1;0;1;1;1;260.88
0;1;0;0;0;1;0;1;1;0;1;1;215.19
0;1;0;0;0;1;0;1;1;1;1;0;214.38
0;1;0;0;0;1;1;0;0;1;1;1;257.17
0;1;0;0;0;1;1;0;1;1;1;0;213.096666667
0;1;0;0;0;1;1;1;0;0;1;1;215.853333333
0;1;0;0;0;1;1;1;0;1;1;0;211.586666667
0;1;0;0;0;1;1;1;1;0;1;0;202.81
0;1;0;0;1;1;0;0;0;1;1;1;247.466666667
0;1;0;0;1;1;0;0;1;0;1;1;232.636666667
0;1;0;0;1;1;0;0;1;1;1;0;228.466666667
0;1;0;0;1;1;0;1;0;0;1;1;233.85
0;1;0;0;1;1;0;1;0;1;1;0;229.186666667
0;1;0;0;1;1;0;1;1;0;1;0;219.333333333
0;1;0;0;1;1;1;0;0;0;1;1;232.47
0;1;0;0;1;1;1;0;0;1;1;0;227.75
0;1;0;0;1;1;1;0;1;0;1;0;220.37
0;1;0;0;1;1;1;1;0;0;1;0;221.623333333
0;1;0;1;0;1;0;0;0;1;1;1;243.083333333
0;1;0;1;0;1;0;0;1;0;1;1;217.073333333
0;1;0;1;0;1;0;0;1;1;1;0;210.996666667
0;1;0;1;0;1;0;1;0;0;1;1;217.55
0;1;0;1;0;1;0;1;0;1;1;0;214.25
0;1;0;1;0;1;0;1;1;0;1;0;204.73
0;1;0;1;0;1;1;0;0;0;1;1;213.996666667
0;1;0;1;0;1;1;0;0;1;1;0;214.153333333
0;1;0;1;0;1;1;0;1;0;1;0;204.293333333
0;1;0;1;0;1;1;1;0;0;1;0;205.74
0;1;0;1;1;1;0;0;0;0;1;1;231.0
0;1;0;1;1;1;0;0;0;1;1;0;224.99
0;1;0;1;1;1;0;0;1;0;1;0;222.266666667
0;1;0;1;1;1;0;1;0;0;1;0;221.01
0;1;0;1;1;1;1;0;0;0;1;0;217.9
0;1;1;0;0;1;0;0;0;1;1;1;249.663333333
0;1;1;0;0;1;0;0;1;0;1;1;235.513333333
0;1;1;0;0;1;0;1;0;0;1;1;235.733333333
0;1;1;0;0;1;0;1;0;1;1;0;238.253333333
0;1;1;0;0;1;0;1;1;0;1;0;224.336666667
0;1;1;0;0;1;1;0;0;0;1;1;235.21
0;1;1;0;0;1;1;0;0;1;1;0;237.496666667
0;1;1;0;0;1;1;1;0;0;1;0;228.283333333
0;1;1;0;1;1;0;0;0;0;1;1;249.99
0;1;1;0;1;1;0;0;0;1;1;0;251.58
0;1;1;0;1;1;0;0;1;0;1;0;243.523333333
0;1;1;0;1;1;1;0;0;0;1;0;242.806666667
0;1;1;1;0;1;0;0;0;0;1;1;230.236666667
0;1;1;1;0;1;0;0;0;1;1;0;231.036666667
0;1;1;1;0;1;0;0;1;0;1;0;229.313333333
0;1;1;1;0;1;0;1;0;0;1;0;225.503333333
0;1;1;1;0;1;1;0;0;0;1;0;222.556666667
0;1;1;1;1;1;0;0;0;0;1;0;236.886666667
1;0;0;0;0;1;0;0;1;1;1;1;256.06
1;0;0;0;0;1;0;1;0;1;1;1;256.94
1;0;0;0;0;1;0;1;1;0;1;1;218.296666667
1;0;0;0;0;1;0;1;1;1;1;0;212.443333333
1;0;0;0;0;1;1;0;0;1;1;1;255.436666667
1;0;0;0;0;1;1;0;1;0;1;1;214.243333333
1;0;0;0;0;1;1;0;1;1;1;0;210.506666667
1;0;0;0;0;1;1;1;0;0;1;1;214.886666667
1;0;0;0;0;1;1;1;0;1;1;0;215.313333333
1;0;0;0;0;1;1;1;1;0;1;0;206.116666667
1;0;0;0;1;1;0;0;0;1;1;1;244.916666667
1;0;0;0;1;1;0;0;1;0;1;1;231.62
1;0;0;0;1;1;0;0;1;1;1;0;226.13
1;0;0;0;1;1;0;1;0;0;1;1;232.22
1;0;0;0;1;1;0;1;0;1;1;0;226.883333333
1;0;0;0;1;1;0;1;1;0;1;0;222.186666667
1;0;0;0;1;1;1;0;0;0;1;1;231.323333333
1;0;0;0;1;1;1;0;0;1;1;0;225.34
1;0;0;0;1;1;1;0;1;0;1;0;218.123333333
1;0;0;0;1;1;1;1;0;0;1;0;218.726666667
1;0;0;1;0;1;0;0;0;1;1;1;247.37
1;0;0;1;0;1;0;0;1;0;1;1;214.653333333
1;0;0;1;0;1;0;0;1;1;1;0;215.01
1;0;0;1;0;1;0;1;0;0;1;1;215.293333333
1;0;0;1;0;1;0;1;0;1;1;0;211.186666667
1;0;0;1;0;1;0;1;1;0;1;0;203.19
1;0;0;1;0;1;1;0;0;0;1;1;217.186666667
1;0;0;1;0;1;1;0;0;1;1;0;209.84
1;0;0;1;0;1;1;0;1;0;1;0;201.973333333
1;0;0;1;1;1;0;0;0;0;1;1;233.66
1;0;0;1;1;1;0;0;0;1;1;0;228.646666667
1;0;0;1;1;1;0;0;1;0;1;0;218.563333333
1;0;0;1;1;1;0;1;0;0;1;0;218.89
1;0;0;1;1;1;1;0;0;0;1;0;220.863333333
1;0;1;0;0;1;0;0;1;0;1;1;231.216666667
1;0;1;0;0;1;0;0;1;1;1;0;232.33
1;0;1;0;0;1;0;1;0;0;1;1;230.466666667
1;0;1;0;0;1;0;1;0;1;1;0;232.86
1;0;1;0;0;1;0;1;1;0;1;0;227.183333333
1;0;1;0;0;1;1;0;0;1;1;0;231.33
1;0;1;0;0;1;1;0;1;0;1;0;223.013333333
1;0;1;0;0;1;1;1;0;0;1;0;223.336666667
1;0;1;0;1;1;0;0;0;0;1;1;246.003333333
1;0;1;0;1;1;0;0;0;1;1;0;244.91
1;0;1;0;1;1;0;0;1;0;1;0;238.733333333
1;0;1;0;1;1;0;1;0;0;1;0;237.75
1;0;1;0;1;1;1;0;0;0;1;0;238.096666667
1;0;1;1;0;1;0;0;0;0;1;1;233.326666667
1;0;1;1;0;1;0;0;0;1;1;0;235.173333333
1;0;1;1;0;1;0;0;1;0;1;0;223.213333333
1;0;1;1;0;1;0;1;0;0;1;0;223.493333333
1;0;1;1;0;1;1;0;0;0;1;0;225.686666667
1;0;1;1;1;1;0;0;0;0;1;0;239.656666667
1;1;0;0;0;1;0;0;0;1;1;1;246.126666667
1;1;0;0;0;1;0;0;1;0;1;1;216.716666667
1;1;0;0;0;1;0;0;1;1;1;0;213.603333333
1;1;0;0;0;1;0;1;0;0;1;1;218.433333333
1;1;0;0;0;1;0;1;0;1;1;0;215.853333333
1;1;0;0;0;1;0;1;1;0;1;0;203.976666667
1;1;0;0;0;1;1;0;0;0;1;1;215.993333333
1;1;0;0;0;1;1;0;0;1;1;0;212.926666667
1;1;0;0;0;1;1;0;1;0;1;0;205.47
1;1;0;0;0;1;1;1;0;0;1;0;205.086666667
1;1;0;0;1;1;0;0;0;0;1;1;233.446666667
1;1;0;0;1;1;0;0;0;1;1;0;227.4
1;1;0;0;1;1;0;0;1;0;1;0;220.386666667
1;1;0;0;1;1;0;1;0;0;1;0;222.086666667
1;1;0;0;1;1;1;0;0;0;1;0;219.746666667
1;1;0;1;0;1;0;0;0;0;1;1;214.326666667
1;1;0;1;0;1;0;0;0;1;1;0;210.236666667
1;1;0;1;0;1;0;0;1;0;1;0;206.426666667
1;1;0;1;0;1;0;1;0;0;1;0;205.99
1;1;0;1;0;1;1;0;0;0;1;0;202.69
1;1;1;0;0;1;0;0;0;0;1;1;232.18
1;1;1;0;0;1;0;0;0;1;1;0;233.666666667
1;1;1;0;0;1;0;0;1;0;1;0;225.413333333
1;1;1;0;0;1;0;1;0;0;1;0;226.566666667
1;1;1;0;0;1;1;0;0;0;1;0;224.526666667
1;1;1;0;1;1;0;0;0;0;1;0;238.783333333
1;1;1;1;0;1;0;0;0;0;1;0;225.62
0;0;0;0;0;1;1;1;1;1;1;1;266.026666667
0;0;0;0;1;1;0;1;1;1;1;1;250.243333333
0;0;0;0;1;1;1;0;1;1;1;1;269.38
0;0;0;0;1;1;1;1;0;1;1;1;250.596666667
0;0;0;0;1;1;1;1;1;0;1;1;236.433333333
0;0;0;0;1;1;1;1;1;1;1;0;224.506666667
0;0;0;1;0;1;0;1;1;1;1;1;267.17
0;0;0;1;0;1;1;0;1;1;1;1;259.38
0;0;0;1;0;1;1;1;0;1;1;1;259.366666667
0;0;0;1;0;1;1;1;1;0;1;1;216.913333333
0;0;0;1;1;1;0;0;1;1;1;1;252.093333333
0;0;0;1;1;1;0;1;1;0;1;1;232.59
0;0;0;1;1;1;1;0;0;1;1;1;249.493333333
0;0;0;1;1;1;1;0;1;0;1;1;234.063333333
0;0;0;1;1;1;1;0;1;1;1;0;229.296666667
0;0;0;1;1;1;1;1;0;1;1;0;227.53
0;0;0;1;1;1;1;1;1;0;1;0;233.276666667
0;0;1;0;0;1;0;1;1;1;1;1;253.393333333
0;0;1;0;0;1;1;0;1;1;1;1;239.496666667
0;0;1;0;0;1;1;1;0;1;1;1;252.043333333
0;0;1;0;0;1;1;1;1;0;1;1;255.12
0;0;1;0;0;1;1;1;1;1;1;0;256.97
0;0;1;0;1;1;0;0;1;1;1;1;266.096666667
0;0;1;0;1;1;0;1;0;1;1;1;267.846666667
0;0;1;0;1;1;0;1;1;0;1;1;255.013333333
0;0;1;0;1;1;0;1;1;1;1;0;255.023333333
0;0;1;0;1;1;1;0;0;1;1;1;252.5
0;0;1;0;1;1;1;0;1;0;1;1;254.073333333
0;0;1;0;1;1;1;0;1;1;1;0;243.283333333
0;0;1;0;1;1;1;1;0;0;1;1;252.986666667
0;0;1;0;1;1;1;1;0;1;1;0;254.336666667
0;0;1;0;1;1;1;1;1;0;1;0;246.496666667
0;0;1;1;0;1;0;0;1;1;1;1;251.906666667
0;0;1;1;0;1;0;1;0;1;1;1;255.173333333
0;0;1;1;0;1;0;1;1;0;1;1;235.85
0;0;1;1;0;1;0;1;1;1;1;0;237.69
0;0;1;1;0;1;1;0;0;1;1;1;254.393333333
0;0;1;1;0;1;1;0;1;0;1;1;238.736666667
0;0;1;1;0;1;1;1;0;0;1;1;237.063333333
0;0;1;1;0;1;1;1;0;1;1;0;240.623333333
0;0;1;1;0;1;1;1;1;0;1;0;228.563333333
0;0;1;1;1;1;0;0;0;1;1;1;264.993333333
0;0;1;1;1;1;0;0;1;0;1;1;253.116666667
0;0;1;1;1;1;0;0;1;1;1;0;253.256666667
0;0;1;1;1;1;0;1;0;0;1;1;251.74
0;0;1;1;1;1;0;1;0;1;1;0;256.453333333
0;0;1;1;1;1;0;1;1;0;1;0;247.276666667
0;0;1;1;1;1;1;0;0;0;1;1;254.466666667
0;0;1;1;1;1;1;0;0;1;1;0;256.473333333
0;0;1;1;1;1;1;0;1;0;1;0;244.283333333
0;0;1;1;1;1;1;1;0;0;1;0;242.56
0;1;0;0;0;1;0;1;1;1;1;1;261.076666667
0;1;0;0;0;1;1;0;1;1;1;1;261.43
0;1;0;0;0;1;1;1;0;1;1;1;257.713333333
0;1;0;0;0;1;1;1;1;0;1;1;216.063333333
0;1;0;0;0;1;1;1;1;1;1;0;213.406666667
0;1;0;0;1;1;0;0;1;1;1;1;249.253333333
0;1;0;0;1;1;0;1;0;1;1;1;248.43
0;1;0;0;1;1;0;1;1;0;1;1;233.0
0;1;0;0;1;1;0;1;1;1;1;0;228.266666667
0;1;0;0;1;1;1;0;0;1;1;1;248.186666667
0;1;0;0;1;1;1;0;1;0;1;1;234.133333333
0;1;0;0;1;1;1;0;1;1;1;0;228.973333333
0;1;0;0;1;1;1;1;0;0;1;1;234.466666667
0;1;0;0;1;1;1;1;0;1;1;0;227.733333333
0;1;0;0;1;1;1;1;1;0;1;0;222.163333333
0;1;0;1;0;1;0;0;1;1;1;1;259.383333333
0;1;0;1;0;1;0;1;0;1;1;1;264.18
0;1;0;1;0;1;0;1;1;0;1;1;217.653333333
0;1;0;1;0;1;0;1;1;1;1;0;215.47
0;1;0;1;0;1;1;0;0;1;1;1;261.533333333
0;1;0;1;0;1;1;0;1;0;1;1;217.403333333
0;1;0;1;0;1;1;0;1;1;1;0;214.406666667
0;1;0;1;0;1;1;1;1;0;1;0;205.706666667
0;1;0;1;1;1;0;0;0;1;1;1;245.496666667
0;1;0;1;1;1;0;0;1;0;1;1;234.25
0;1;0;1;1;1;0;0;1;1;1;0;229.07
0;1;0;1;1;1;0;1;0;0;1;1;235.163333333
0;1;0;1;1;1;0;1;0;1;1;0;230.686666667
0;1;0;1;1;1;1;0;0;0;1;1;231.756666667
0;1;0;1;1;1;1;0;0;1;1;0;229.946666667
0;1;0;1;1;1;1;0;1;0;1;0;219.076666667
0;1;0;1;1;1;1;1;0;0;1;0;221.443333333
0;1;1;0;0;1;0;0;1;1;1;1;250.26
0;1;1;0;0;1;0;1;0;1;1;1;252.126666667
0;1;1;0;0;1;0;1;1;0;1;1;233.116666667
0;1;1;0;0;1;0;1;1;1;1;0;234.653333333
0;1;1;0;0;1;1;0;0;1;1;1;251.09
0;1;1;0;0;1;1;0;1;0;1;1;236.64
0;1;1;0;0;1;1;0;1;1;1;0;240.073333333
0;1;1;0;0;1;1;1;0;0;1;1;236.976666667
0;1;1;0;0;1;1;1;0;1;1;0;239.79
0;1;1;0;1;1;0;0;0;1;1;1;264.6
0;1;1;0;1;1;0;0;1;0;1;1;251.933333333
0;1;1;0;1;1;0;0;1;1;1;0;252.14
0;1;1;0;1;1;0;1;0;0;1;1;251.706666667
0;1;1;0;1;1;0;1;0;1;1;0;253.636666667
0;1;1;0;1;1;0;1;1;0;1;0;245.196666667
0;1;1;0;1;1;1;0;0;0;1;1;251.846666667
0;1;1;0;1;1;1;0;0;1;1;0;253.153333333
0;1;1;0;1;1;1;0;1;0;1;0;243.963333333
0;1;1;0;1;1;1;1;0;0;1;0;239.926666667
0;1;1;1;0;1;0;0;0;1;1;1;243.806666667
0;1;1;1;0;1;0;0;1;0;1;1;237.47
0;1;1;1;0;1;0;0;1;1;1;0;240.05
0;1;1;1;0;1;0;1;0;0;1;1;234.053333333
0;1;1;1;0;1;0;1;0;1;1;0;235.97
0;1;1;1;0;1;0;1;1;0;1;0;226.58
0;1;1;1;0;1;1;0;0;0;1;1;231.443333333
0;1;1;1;0;1;1;0;0;1;1;0;231.913333333
0;1;1;1;0;1;1;0;1;0;1;0;226.086666667
0;1;1;1;1;1;0;0;0;0;1;1;246.806666667
0;1;1;1;1;1;0;0;0;1;1;0;245.316666667
0;1;1;1;1;1;0;0;1;0;1;0;239.366666667
0;1;1;1;1;1;0;1;0;0;1;0;241.016666667
0;1;1;1;1;1;1;0;0;0;1;0;244.26
1;0;0;0;0;1;0;1;1;1;1;1;258.9
1;0;0;0;0;1;1;0;1;1;1;1;257.043333333
1;0;0;0;0;1;1;1;0;1;1;1;264.18
1;0;0;0;0;1;1;1;1;0;1;1;219.076666667
1;0;0;0;0;1;1;1;1;1;1;0;216.923333333
1;0;0;0;1;1;0;0;1;1;1;1;246.61
1;0;0;0;1;1;0;1;0;1;1;1;247.253333333
1;0;0;0;1;1;0;1;1;0;1;1;234.873333333
1;0;0;0;1;1;0;1;1;1;1;0;231.253333333
1;0;0;0;1;1;1;0;0;1;1;1;245.793333333
1;0;0;0;1;1;1;0;1;0;1;1;233.003333333
1;0;0;0;1;1;1;0;1;1;1;0;226.746666667
1;0;0;0;1;1;1;1;0;1;1;0;230.573333333
1;0;0;0;1;1;1;1;1;0;1;0;219.87
1;0;0;1;0;1;0;0;1;1;1;1;263.746666667
1;0;0;1;0;1;0;1;0;1;1;1;261.013333333
1;0;0;1;0;1;0;1;1;0;1;1;216.27
1;0;0;1;0;1;0;1;1;1;1;0;213.0
1;0;0;1;0;1;1;0;0;1;1;1;257.676666667
1;0;0;1;0;1;1;0;1;0;1;1;215.183333333
1;0;0;1;0;1;1;0;1;1;1;0;211.48
1;0;0;1;0;1;1;1;0;0;1;1;215.956666667
1;0;0;1;0;1;1;1;0;1;1;0;212.45
1;0;0;1;0;1;1;1;1;0;1;0;203.856666667
1;0;0;1;1;1;0;0;0;1;1;1;249.053333333
1;0;0;1;1;1;0;0;1;0;1;1;231.63
1;0;0;1;1;1;0;0;1;1;1;0;226.57
1;0;0;1;1;1;0;1;0;0;1;1;232.65
1;0;0;1;1;1;0;1;0;1;1;0;227.19
1;0;0;1;1;1;0;1;1;0;1;0;220.21
1;0;0;1;1;1;1;0;0;0;1;1;234.613333333
1;0;0;1;1;1;1;0;0;1;1;0;225.796666667
1;0;0;1;1;1;1;0;1;0;1;0;221.86
1;0;1;0;0;1;0;0;1;1;1;1;245.79
1;0;1;0;0;1;0;1;0;1;1;1;246.376666667
1;0;1;0;0;1;0;1;1;0;1;1;235.7
1;0;1;0;0;1;0;1;1;1;1;0;237.866666667
1;0;1;0;0;1;1;0;0;1;1;1;245.21
1;0;1;0;0;1;1;0;1;0;1;1;232.216666667
1;0;1;0;0;1;1;0;1;1;1;0;233.743333333
1;0;1;0;0;1;1;1;0;0;1;1;232.493333333
1;0;1;0;0;1;1;1;0;1;1;0;234.25
1;0;1;0;0;1;1;1;1;0;1;0;227.64
1;0;1;0;1;1;0;0;0;1;1;1;258.556666667
1;0;1;0;1;1;0;0;1;0;1;1;247.993333333
1;0;1;0;1;1;0;0;1;1;1;0;246.94
1;0;1;0;1;1;0;1;0;0;1;1;247.686666667
1;0;1;0;1;1;0;1;0;1;1;0;247.076666667
1;0;1;0;1;1;0;1;1;0;1;0;240.34
1;0;1;0;1;1;1;0;0;0;1;1;247.803333333
1;0;1;0;1;1;1;0;0;1;1;0;246.733333333
1;0;1;0;1;1;1;0;1;0;1;0;239.556666667
1;0;1;1;0;1;0;0;0;1;1;1;247.626666667
1;0;1;1;0;1;0;0;1;0;1;1;231.886666667
1;0;1;1;0;1;0;0;1;1;1;0;232.956666667
1;0;1;1;0;1;0;1;0;0;1;1;232.026666667
1;0;1;1;0;1;0;1;0;1;1;0;233.433333333
1;0;1;1;0;1;0;1;1;0;1;0;225.26
1;0;1;1;0;1;1;0;0;0;1;1;234.24
1;0;1;1;0;1;1;0;0;1;1;0;235.973333333
1;0;1;1;0;1;1;0;1;0;1;0;223.976666667
1;0;1;1;0;1;1;1;0;0;1;0;224.296666667
1;0;1;1;1;1;0;0;0;0;1;1;249.496666667
1;0;1;1;1;1;0;0;0;1;1;0;248.97
1;0;1;1;1;1;0;0;1;0;1;0;241.703333333
1;0;1;1;1;1;0;1;0;0;1;0;239.273333333
1;0;1;1;1;1;1;0;0;0;1;0;238.703333333
1;1;0;0;0;1;0;0;1;1;1;1;263.13
1;1;0;0;0;1;0;1;0;1;1;1;265.38
1;1;0;0;0;1;0;1;1;0;1;1;216.23
1;1;0;0;0;1;0;1;1;1;1;0;215.943333333
1;1;0;0;0;1;1;0;0;1;1;1;261.836666667
1;1;0;0;0;1;1;0;1;0;1;1;218.4
1;1;0;0;0;1;1;0;1;1;1;0;215.733333333
1;1;0;0;0;1;1;1;0;1;1;0;213.846666667
1;1;0;0;0;1;1;1;1;0;1;0;204.96
1;1;0;0;1;1;0;0;0;1;1;1;248.02
1;1;0;0;1;1;0;0;1;0;1;1;233.43
1;1;0;0;1;1;0;0;1;1;1;0;230.466666667
1;1;0;0;1;1;0;1;0;0;1;1;236.06
1;1;0;0;1;1;0;1;0;1;1;0;229.643333333
1;1;0;0;1;1;0;1;1;0;1;0;221.726666667
1;1;0;0;1;1;1;0;0;0;1;1;233.23
1;1;0;0;1;1;1;0;0;1;1;0;228.256666667
1;1;0;0;1;1;1;0;1;0;1;0;220.803333333
1;1;0;0;1;1;1;1;0;0;1;0;222.366666667
1;1;0;1;0;1;0;0;0;1;1;1;244.12
1;1;0;1;0;1;0;0;1;0;1;1;219.37
1;1;0;1;0;1;0;0;1;1;1;0;212.053333333
1;1;0;1;0;1;0;1;0;0;1;1;218.403333333
1;1;0;1;0;1;0;1;0;1;1;0;215.883333333
1;1;0;1;0;1;1;0;0;0;1;1;215.026666667
1;1;0;1;0;1;1;0;0;1;1;0;216.913333333
1;1;0;1;0;1;1;0;1;0;1;0;206.226666667
1;1;0;1;0;1;1;1;0;0;1;0;207.1
1;1;0;1;1;1;0;0;0;1;1;0;227.153333333
1;1;0;1;1;1;0;0;1;0;1;0;223.07
1;1;0;1;1;1;0;1;0;0;1;0;223.296666667
1;1;0;1;1;1;1;0;0;0;1;0;219.913333333
1;1;1;0;0;1;0;0;1;0;1;1;234.006666667
1;1;1;0;0;1;0;0;1;1;1;0;235.346666667
1;1;1;0;0;1;0;1;0;0;1;1;235.12
1;1;1;0;0;1;0;1;0;1;1;0;237.443333333
1;1;1;0;0;1;0;1;1;0;1;0;229.243333333
1;1;1;0;0;1;1;0;0;0;1;1;233.55
1;1;1;0;0;1;1;0;0;1;1;0;234.55
1;1;1;0;0;1;1;0;1;0;1;0;227.026666667
1;1;1;0;0;1;1;1;0;0;1;0;226.133333333
1;1;1;0;1;1;0;0;0;0;1;1;248.69
1;1;1;0;1;1;0;0;0;1;1;0;247.503333333
1;1;1;0;1;1;0;0;1;0;1;0;240.983333333
1;1;1;0;1;1;0;1;0;0;1;0;241.97
1;1;1;0;1;1;1;0;0;0;1;0;240.22
1;1;1;1;0;1;0;0;0;0;1;1;234.1
1;1;1;1;0;1;0;0;0;1;1;0;235.92
1;1;1;1;0;1;0;0;1;0;1;0;228.336666667
1;1;1;1;0;1;0;1;0;0;1;0;229.79
1;1;1;1;0;1;1;0;0;0;1;0;226.65
1;1;1;1;1;1;0;0;0;0;1;0;241.7
0;0;0;0;1;1;1;1;1;1;1;1;268.55
0;0;0;1;0;1;1;1;1;1;1;1;263.043333333
0;0;0;1;1;1;0;1;1;1;1;1;247.873333333
0;0;0;1;1;1;1;0;1;1;1;1;250.613333333
0;0;0;1;1;1;1;1;0;1;1;1;250.366666667
0;0;0;1;1;1;1;1;1;0;1;1;234.746666667
0;0;0;1;1;1;1;1;1;1;1;0;222.626666667
0;0;1;0;0;1;1;1;1;1;1;1;240.43
0;0;1;0;1;1;0;1;1;1;1;1;267.28
0;0;1;0;1;1;1;0;1;1;1;1;251.803333333
0;0;1;0;1;1;1;1;0;1;1;1;266.476666667
0;0;1;0;1;1;1;1;1;0;1;1;254.496666667
0;0;1;0;1;1;1;1;1;1;1;0;244.253333333
0;0;1;1;0;1;0;1;1;1;1;1;250.566666667
0;0;1;1;0;1;1;0;1;1;1;1;252.893333333
0;0;1;1;0;1;1;1;0;1;1;1;249.563333333
0;0;1;1;0;1;1;1;1;0;1;1;256.226666667
0;0;1;1;0;1;1;1;1;1;1;0;258.05
0;0;1;1;1;1;0;0;1;1;1;1;266.45
0;0;1;1;1;1;0;1;0;1;1;1;268.583333333
0;0;1;1;1;1;0;1;1;0;1;1;255.323333333
0;0;1;1;1;1;0;1;1;1;1;0;252.683333333
0;0;1;1;1;1;1;0;0;1;1;1;268.38
0;0;1;1;1;1;1;0;1;0;1;1;252.82
0;0;1;1;1;1;1;0;1;1;1;0;254.89
0;0;1;1;1;1;1;1;0;0;1;1;251.323333333
0;0;1;1;1;1;1;1;1;0;1;0;244.606666667
0;1;0;0;0;1;1;1;1;1;1;1;259.693333333
0;1;0;0;1;1;0;1;1;1;1;1;248.71
0;1;0;0;1;1;1;0;1;1;1;1;249.74
0;1;0;0;1;1;1;1;0;1;1;1;249.3
0;1;0;0;1;1;1;1;1;0;1;1;234.56
0;1;0;0;1;1;1;1;1;1;1;0;229.206666667
0;1;0;1;0;1;0;1;1;1;1;1;263.57
0;1;0;1;0;1;1;0;1;1;1;1;263.583333333
0;1;0;1;0;1;1;1;0;1;1;1;262.483333333
0;1;0;1;0;1;1;1;1;0;1;1;219.05
0;1;0;1;0;1;1;1;1;1;1;0;217.293333333
0;1;0;1;1;1;0;0;1;1;1;1;249.833333333
0;1;0;1;1;1;0;1;0;1;1;1;250.12
0;1;0;1;1;1;0;1;1;0;1;1;235.073333333
0;1;0;1;1;1;0;1;1;1;1;0;230.943333333
0;1;0;1;1;1;1;0;0;1;1;1;246.006666667
0;1;0;1;1;1;1;0;1;0;1;1;234.92
0;1;0;1;1;1;1;0;1;1;1;0;229.68
0;1;0;1;1;1;1;1;0;0;1;1;235.79
0;1;0;1;1;1;1;1;0;1;1;0;229.56
0;1;0;1;1;1;1;1;1;0;1;0;231.16
0;1;1;0;0;1;0;1;1;1;1;1;248.603333333
0;1;1;0;0;1;1;0;1;1;1;1;251.033333333
0;1;1;0;0;1;1;1;0;1;1;1;247.79
0;1;1;0;0;1;1;1;1;0;1;1;238.556666667
0;1;1;0;0;1;1;1;1;1;1;0;242.456666667
0;1;1;0;1;1;0;1;0;1;1;1;267.043333333
0;1;1;0;1;1;0;1;1;0;1;1;253.743333333
0;1;1;0;1;1;0;1;1;1;1;0;249.116666667
0;1;1;0;1;1;1;0;0;1;1;1;266.11
0;1;1;0;1;1;1;0;1;0;1;1;252.276666667
0;1;1;0;1;1;1;0;1;1;1;0;253.653333333
0;1;1;0;1;1;1;1;0;0;1;1;249.436666667
0;1;1;0;1;1;1;1;0;1;1;0;248.893333333
0;1;1;0;1;1;1;1;1;0;1;0;241.233333333
0;1;1;1;0;1;0;0;1;1;1;1;248.07
0;1;1;1;0;1;0;1;0;1;1;1;252.52
0;1;1;1;0;1;0;1;1;0;1;1;234.95
0;1;1;1;0;1;0;1;1;1;1;0;237.036666667
0;1;1;1;0;1;1;0;0;1;1;1;252.036666667
0;1;1;1;0;1;1;0;1;0;1;1;232.636666667
0;1;1;1;0;1;1;0;1;1;1;0;234.336666667
0;1;1;1;0;1;1;1;0;0;1;1;235.233333333
0;1;1;1;0;1;1;1;0;1;1;0;237.523333333
0;1;1;1;0;1;1;1;1;0;1;0;227.12
0;1;1;1;1;1;0;0;0;1;1;1;258.023333333
0;1;1;1;1;1;0;0;1;0;1;1;248.063333333
0;1;1;1;1;1;0;0;1;1;1;0;249.566666667
0;1;1;1;1;1;0;1;0;0;1;1;250.05
0;1;1;1;1;1;0;1;0;1;1;0;254.143333333
0;1;1;1;1;1;0;1;1;0;1;0;245.596666667
0;1;1;1;1;1;1;0;0;0;1;1;252.806666667
0;1;1;1;1;1;1;0;0;1;1;0;254.13
0;1;1;1;1;1;1;0;1;0;1;0;241.826666667
0;1;1;1;1;1;1;1;0;0;1;0;241.326666667
1;0;0;0;0;1;1;1;1;1;1;1;266.12
1;0;0;0;1;1;0;1;1;1;1;1;251.02
1;0;0;0;1;1;1;0;1;1;1;1;247.13
1;0;0;0;1;1;1;1;0;1;1;1;247.673333333
1;0;0;0;1;1;1;1;1;0;1;1;236.346666667
1;0;0;0;1;1;1;1;1;1;1;0;231.77
1;0;0;1;0;1;0;1;1;1;1;1;261.896666667
1;0;0;1;0;1;1;0;1;1;1;1;260.77
1;0;0;1;0;1;1;1;0;1;1;1;260.823333333
1;0;0;1;0;1;1;1;1;0;1;1;216.906666667
1;0;0;1;0;1;1;1;1;1;1;0;214.05
1;0;0;1;1;1;0;0;1;1;1;1;246.653333333
1;0;0;1;1;1;0;1;0;1;1;1;247.426666667
1;0;0;1;1;1;0;1;1;0;1;1;232.99
1;0;0;1;1;1;0;1;1;1;1;0;228.856666667
1;0;0;1;1;1;1;0;0;1;1;1;249.533333333
1;0;0;1;1;1;1;0;1;0;1;1;233.146666667
1;0;0;1;1;1;1;0;1;1;1;0;227.286666667
1;0;0;1;1;1;1;1;0;0;1;1;233.426666667
1;0;0;1;1;1;1;1;0;1;1;0;227.99
1;0;0;1;1;1;1;1;1;0;1;0;220.82
1;0;1;0;0;1;0;1;1;1;1;1;250.443333333
1;0;1;0;0;1;1;0;1;1;1;1;246.943333333
1;0;1;0;0;1;1;1;1;1;1;0;236.226666667
1;0;1;0;1;1;0;0;1;1;1;1;260.496666667
1;0;1;0;1;1;0;1;0;1;1;1;261.09
1;0;1;0;1;1;0;1;1;0;1;1;250.066666667
1;0;1;0;1;1;0;1;1;1;1;0;251.516666667
1;0;1;0;1;1;1;0;0;1;1;1;260.166666667
1;0;1;0;1;1;1;0;1;0;1;1;249.036666667
1;0;1;0;1;1;1;0;1;1;1;0;248.536666667
1;0;1;0;1;1;1;1;0;0;1;1;251.01
1;0;1;0;1;1;1;1;0;1;1;0;251.41
1;0;1;0;1;1;1;1;1;0;1;0;243.26
1;0;1;1;0;1;0;0;1;1;1;1;245.563333333
1;0;1;1;0;1;0;1;0;1;1;1;246.086666667
1;0;1;1;0;1;0;1;1;0;1;1;233.793333333
1;0;1;1;0;1;0;1;1;1;1;0;235.533333333
1;0;1;1;0;1;1;0;0;1;1;1;244.846666667
1;0;1;1;0;1;1;0;1;0;1;1;235.573333333
1;0;1;1;0;1;1;0;1;1;1;0;238.46
1;0;1;1;0;1;1;1;0;1;1;0;235.03
1;0;1;1;0;1;1;1;1;0;1;0;225.773333333
1;0;1;1;1;1;0;0;0;1;1;1;261.436666667
1;0;1;1;1;1;0;0;1;0;1;1;250.336666667
1;0;1;1;1;1;0;0;1;1;1;0;247.266666667
1;0;1;1;1;1;0;1;0;0;1;1;248.34
1;0;1;1;1;1;0;1;0;1;1;0;247.716666667
1;0;1;1;1;1;0;1;1;0;1;0;240.983333333
1;0;1;1;1;1;1;0;0;0;1;1;247.613333333
1;0;1;1;1;1;1;0;0;1;1;0;247.08
1;0;1;1;1;1;1;0;1;0;1;0;240.21
1;0;1;1;1;1;1;1;0;0;1;0;240.406666667
1;1;0;0;0;1;0;1;1;1;1;1;265.4
1;1;0;0;0;1;1;0;1;1;1;1;263.776666667
1;1;0;0;0;1;1;1;0;1;1;1;259.5
1;1;0;0;0;1;1;1;1;0;1;1;216.873333333
1;1;0;0;0;1;1;1;1;1;1;0;215.366666667
1;1;0;0;1;1;0;0;1;1;1;1;249.013333333
1;1;0;0;1;1;0;1;0;1;1;1;251.236666667
1;1;0;0;1;1;0;1;1;0;1;1;234.223333333
1;1;0;0;1;1;0;1;1;1;1;0;230.773333333
1;1;0;0;1;1;1;0;0;1;1;1;248.416666667
1;1;0;0;1;1;1;0;1;0;1;1;235.793333333
1;1;0;0;1;1;1;0;1;1;1;0;230.823333333
1;1;0;0;1;1;1;1;0;0;1;1;235.373333333
1;1;0;0;1;1;1;1;0;1;1;0;230.14
1;1;0;0;1;1;1;1;1;0;1;0;222.556666667
1;1;0;1;0;1;0;0;1;1;1;1;260.413333333
1;1;0;1;0;1;0;1;0;1;1;1;264.64
1;1;0;1;0;1;0;1;1;1;1;0;218.323333333
1;1;0;1;0;1;1;0;0;1;1;1;265.65
1;1;0;1;0;1;1;0;1;0;1;1;218.503333333
1;1;0;1;0;1;1;0;1;1;1;0;215.946666667
1;1;0;1;0;1;1;1;0;1;1;0;215.74
1;1;0;1;0;1;1;1;1;0;1;0;207.646666667
1;1;0;1;1;1;0;0;0;1;1;1;246.32
1;1;0;1;1;1;0;0;1;0;1;1;236.53
1;1;0;1;1;1;0;1;0;0;1;1;236.36
1;1;0;1;1;1;0;1;0;1;1;0;232.29
1;1;0;1;1;1;0;1;1;0;1;0;223.286666667
1;1;0;1;1;1;1;0;0;0;1;1;232.983333333
1;1;0;1;1;1;1;0;0;1;1;0;231.686666667
1;1;0;1;1;1;1;0;1;0;1;0;220.976666667
1;1;0;1;1;1;1;1;0;0;1;0;223.42
1;1;1;0;0;1;0;0;1;1;1;1;249.3
1;1;1;0;0;1;0;1;0;1;1;1;248.783333333
1;1;1;0;0;1;0;1;1;0;1;1;237.506666667
1;1;1;0;0;1;1;0;0;1;1;1;247.373333333
1;1;1;0;0;1;1;0;1;0;1;1;234.773333333
1;1;1;0;0;1;1;0;1;1;1;0;236.95
1;1;1;0;0;1;1;1;0;0;1;1;235.946666667
1;1;1;0;0;1;1;1;0;1;1;0;239.06
1;1;1;0;0;1;1;1;1;0;1;0;229.816666667
1;1;1;0;1;1;0;0;0;1;1;1;260.326666667
1;1;1;0;1;1;0;0;1;0;1;1;249.716666667
1;1;1;0;1;1;0;0;1;1;1;0;250.68
1;1;1;0;1;1;0;1;0;0;1;1;250.866666667
1;1;1;0;1;1;0;1;0;1;1;0;249.81
1;1;1;0;1;1;0;1;1;0;1;0;242.426666667
1;1;1;0;1;1;1;0;0;0;1;1;249.576666667
1;1;1;0;1;1;1;0;0;1;1;0;249.386666667
1;1;1;0;1;1;1;0;1;0;1;0;242.736666667
1;1;1;0;1;1;1;1;0;0;1;0;244.593333333
1;1;1;1;0;1;0;0;0;1;1;1;248.403333333
1;1;1;1;0;1;0;0;1;0;1;1;236.586666667
1;1;1;1;0;1;0;0;1;1;1;0;239.32
1;1;1;1;0;1;0;1;0;0;1;1;237.896666667
1;1;1;1;0;1;0;1;0;1;1;0;240.993333333
1;1;1;1;0;1;0;1;1;0;1;0;230.653333333
1;1;1;1;0;1;1;0;0;0;1;1;235.313333333
1;1;1;1;0;1;1;0;0;1;1;0;236.84
1;1;1;1;0;1;1;0;1;0;1;0;230.313333333
1;1;1;1;1;1;0;0;0;0;1;1;250.24
1;1;1;1;1;1;0;0;0;1;1;0;250.62
1;1;1;1;1;1;0;0;1;0;1;0;243.123333333
1;1;1;1;1;1;0;1;0;0;1;0;245.156666667
1;1;1;1;1;1;1;0;0;0;1;0;242.856666667
0;0;0;1;1;1;1;1;1;1;1;1;269.47
0;0;1;0;1;1;1;1;1;1;1;1;252.683333333
0;0;1;1;0;1;1;1;1;1;1;1;238.273333333
0;0;1;1;1;1;0;1;1;1;1;1;264.926666667
0;0;1;1;1;1;1;0;1;1;1;1;267.593333333
0;0;1;1;1;1;1;1;0;1;1;1;264.166666667
0;0;1;1;1;1;1;1;1;0;1;1;252.873333333
0;0;1;1;1;1;1;1;1;1;1;0;241.693333333
0;1;0;1;0;1;1;1;1;1;1;1;266.386666667
0;1;0;1;1;1;0;1;1;1;1;1;249.826666667
0;1;0;1;1;1;1;0;1;1;1;1;247.31
0;1;0;1;1;1;1;1;0;1;1;1;250.45
0;1;0;1;1;1;1;1;1;0;1;1;236.306666667
0;1;0;1;1;1;1;1;1;1;1;0;223.52
0;1;1;0;0;1;1;1;1;1;1;1;249.616666667
0;1;1;0;1;1;0;1;1;1;1;1;262.68
0;1;1;0;1;1;1;0;1;1;1;1;265.423333333
0;1;1;0;1;1;1;1;0;1;1;1;262.22
0;1;1;0;1;1;1;1;1;0;1;1;250.596666667
0;1;1;0;1;1;1;1;1;1;1;0;250.726666667
0;1;1;1;0;1;0;1;1;1;1;1;250.04
0;1;1;1;0;1;1;0;1;1;1;1;249.046666667
0;1;1;1;0;1;1;1;0;1;1;1;249.086666667
0;1;1;1;0;1;1;1;1;0;1;1;253.47
0;1;1;1;0;1;1;1;1;1;1;0;255.623333333
0;1;1;1;1;1;0;0;1;1;1;1;261.846666667
0;1;1;1;1;1;0;1;0;1;1;1;266.213333333
0;1;1;1;1;1;0;1;1;0;1;1;253.57
0;1;1;1;1;1;0;1;1;1;1;0;251.0
0;1;1;1;1;1;1;0;0;1;1;1;266.093333333
0;1;1;1;1;1;1;0;1;0;1;1;250.533333333
0;1;1;1;1;1;1;0;1;1;1;0;251.013333333
0;1;1;1;1;1;1;1;0;1;1;0;250.493333333
0;1;1;1;1;1;1;1;1;0;1;0;243.443333333
1;0;0;0;1;1;1;1;1;1;1;1;249.343333333
1;0;0;1;0;1;1;1;1;1;1;1;263.186666667
1;0;0;1;1;1;0;1;1;1;1;1;248.65
1;0;0;1;1;1;1;0;1;1;1;1;250.753333333
1;0;0;1;1;1;1;1;0;1;1;1;248.03
1;0;0;1;1;1;1;1;1;0;1;1;234.65
1;0;0;1;1;1;1;1;1;1;1;0;229.553333333
1;0;1;0;0;1;1;1;1;1;1;1;251.31
1;0;1;0;1;1;0;1;1;1;1;1;264.163333333
1;0;1;0;1;1;1;0;1;1;1;1;261.573333333
1;0;1;0;1;1;1;1;0;1;1;1;263.786666667
1;0;1;0;1;1;1;1;1;0;1;1;251.983333333
1;0;1;0;1;1;1;1;1;1;1;0;253.1
1;0;1;1;0;1;0;1;1;1;1;1;248.063333333
1;0;1;1;0;1;1;0;1;1;1;1;246.503333333
1;0;1;1;0;1;1;1;0;1;1;1;247.013333333
1;0;1;1;0;1;1;1;1;0;1;1;234.45
1;0;1;1;0;1;1;1;1;1;1;0;236.893333333
1;0;1;1;1;1;0;0;1;1;1;1;259.76
1;0;1;1;1;1;0;1;0;1;1;1;260.173333333
1;0;1;1;1;1;0;1;1;0;1;1;249.46
1;0;1;1;1;1;0;1;1;1;1;0;249.343333333
1;0;1;1;1;1;1;0;0;1;1;1;259.26
1;0;1;1;1;1;1;0;1;0;1;1;248.903333333
1;0;1;1;1;1;1;1;0;0;1;1;249.41
1;0;1;1;1;1;1;1;0;1;1;0;249.28
1;0;1;1;1;1;1;1;1;0;1;0;241.78
1;1;0;0;0;1;1;1;1;1;1;1;262.006666667
1;1;0;0;1;1;0;1;1;1;1;1;251.296666667
1;1;0;0;1;1;1;0;1;1;1;1;249.6
1;1;0;0;1;1;1;1;0;1;1;1;251.516666667
1;1;0;0;1;1;1;1;1;0;1;1;235.78
1;1;0;0;1;1;1;1;1;1;1;0;231.326666667
1;1;0;1;0;1;0;1;1;1;1;1;267.07
1;1;0;1;0;1;1;0;1;1;1;1;264.04
1;1;0;1;0;1;1;1;0;1;1;1;264.29
1;1;0;1;0;1;1;1;1;0;1;1;219.946666667
1;1;0;1;0;1;1;1;1;1;1;0;218.623333333
1;1;0;1;1;1;0;0;1;1;1;1;251.913333333
1;1;0;1;1;1;0;1;1;0;1;1;236.17
1;1;0;1;1;1;0;1;1;1;1;0;232.523333333
1;1;0;1;1;1;1;0;0;1;1;1;247.26
1;1;0;1;1;1;1;0;1;0;1;1;235.96
1;1;0;1;1;1;1;0;1;1;1;0;231.196666667
1;1;0;1;1;1;1;1;0;0;1;1;237.226666667
1;1;0;1;1;1;1;1;0;1;1;0;231.206666667
1;1;0;1;1;1;1;1;1;0;1;0;232.96
1;1;1;0;0;1;0;1;1;1;1;1;254.266666667
1;1;1;0;0;1;1;0;1;1;1;1;250.23
1;1;1;0;0;1;1;1;0;1;1;1;253.82
1;1;1;0;0;1;1;1;1;0;1;1;236.38
1;1;1;0;0;1;1;1;1;1;1;0;239.51
1;1;1;0;1;1;0;0;1;1;1;1;262.95
1;1;1;0;1;1;0;1;0;1;1;1;262.663333333
1;1;1;0;1;1;0;1;1;0;1;1;251.163333333
1;1;1;0;1;1;0;1;1;1;1;0;255.47
1;1;1;0;1;1;1;0;0;1;1;1;261.686666667
1;1;1;0;1;1;1;0;1;0;1;1;251.363333333
1;1;1;0;1;1;1;0;1;1;1;0;252.14
1;1;1;0;1;1;1;1;0;0;1;1;253.49
1;1;1;0;1;1;1;1;0;1;1;0;255.39
1;1;1;0;1;1;1;1;1;0;1;0;246.16
1;1;1;1;0;1;0;0;1;1;1;1;252.746666667
1;1;1;1;0;1;0;1;0;1;1;1;251.566666667
1;1;1;1;0;1;0;1;1;0;1;1;238.823333333
1;1;1;1;0;1;0;1;1;1;1;0;241.57
1;1;1;1;0;1;1;0;0;1;1;1;251.25
1;1;1;1;0;1;1;0;1;0;1;1;236.58
1;1;1;1;0;1;1;0;1;1;1;0;239.243333333
1;1;1;1;0;1;1;1;0;0;1;1;239.036666667
1;1;1;1;0;1;1;1;0;1;1;0;242.5
1;1;1;1;0;1;1;1;1;0;1;0;231.313333333
1;1;1;1;1;1;0;0;0;1;1;1;262.736666667
1;1;1;1;1;1;0;0;1;0;1;1;251.433333333
1;1;1;1;1;1;0;0;1;1;1;0;254.256666667
1;1;1;1;1;1;0;1;0;0;1;1;253.506666667
1;1;1;1;1;1;0;1;0;1;1;0;252.58
1;1;1;1;1;1;0;1;1;0;1;0;244.233333333
1;1;1;1;1;1;1;0;0;0;1;1;251.793333333
1;1;1;1;1;1;1;0;0;1;1;0;252.513333333
1;1;1;1;1;1;1;0;1;0;1;0;245.7
1;1;1;1;1;1;1;1;0;0;1;0;245.22
0;0;1;1;1;1;1;1;1;1;1;1;250.43
0;1;0;1;1;1;1;1;1;1;1;1;267.173333333
0;1;1;0;1;1;1;1;1;1;1;1;263.586666667
0;1;1;1;0;1;1;1;1;1;1;1;237.346666667
0;1;1;1;1;1;0;1;1;1;1;1;263.716666667
0;1;1;1;1;1;1;0;1;1;1;1;262.94
0;1;1;1;1;1;1;1;0;1;1;1;262.596666667
0;1;1;1;1;1;1;1;1;0;1;1;251.813333333
0;1;1;1;1;1;1;1;1;1;1;0;240.543333333
1;0;0;1;1;1;1;1;1;1;1;1;249.36
1;0;1;0;1;1;1;1;1;1;1;1;264.743333333
1;0;1;1;0;1;1;1;1;1;1;1;248.74
1;0;1;1;1;1;0;1;1;1;1;1;261.676666667
1;0;1;1;1;1;1;0;1;1;1;1;260.693333333
1;0;1;1;1;1;1;1;0;1;1;1;261.363333333
1;0;1;1;1;1;1;1;1;0;1;1;250.48
1;0;1;1;1;1;1;1;1;1;1;0;250.863333333
1;1;0;0;1;1;1;1;1;1;1;1;251.523333333
1;1;0;1;0;1;1;1;1;1;1;1;266.54
1;1;0;1;1;1;0;1;1;1;1;1;251.15
1;1;0;1;1;1;1;0;1;1;1;1;248.583333333
1;1;0;1;1;1;1;1;0;1;1;1;251.246666667
1;1;0;1;1;1;1;1;1;1;1;0;225.156666667
1;1;1;0;0;1;1;1;1;1;1;1;255.423333333
1;1;1;0;1;1;0;1;1;1;1;1;268.796666667
1;1;1;0;1;1;1;0;1;1;1;1;263.82
1;1;1;0;1;1;1;1;0;1;1;1;268.41
1;1;1;0;1;1;1;1;1;0;1;1;254.42
1;1;1;0;1;1;1;1;1;1;1;0;257.17
1;1;1;1;0;1;0;1;1;1;1;1;254.59
1;1;1;1;0;1;1;0;1;1;1;1;253.74
1;1;1;1;0;1;1;1;0;1;1;1;253.54
1;1;1;1;0;1;1;1;1;0;1;1;252.623333333
1;1;1;1;0;1;1;1;1;1;1;0;254.243333333
1;1;1;1;1;1;0;0;1;1;1;1;266.516666667
1;1;1;1;1;1;0;1;0;1;1;1;264.933333333
1;1;1;1;1;1;0;1;1;0;1;1;252.77
1;1;1;1;1;1;0;1;1;1;1;0;256.183333333
1;1;1;1;1;1;1;0;0;1;1;1;264.6
1;1;1;1;1;1;1;0;1;0;1;1;254.123333333
1;1;1;1;1;1;1;0;1;1;1;0;255.873333333
1;1;1;1;1;1;1;1;0;0;1;1;254.423333333
1;1;1;1;1;1;1;1;0;1;1;0;255.363333333
1;1;1;1;1;1;1;1;1;0;1;0;247.166666667
0;1;1;1;1;1;1;1;1;1;1;1;252.446666667
1;0;1;1;1;1;1;1;1;1;1;1;262.113333333
1;1;0;1;1;1;1;1;1;1;1;1;265.816666667
1;1;1;0;1;1;1;1;1;1;1;1;269.47
1;1;1;1;0;1;1;1;1;1;1;1;241.226666667
1;1;1;1;1;1;0;1;1;1;1;1;268.416666667
1;1;1;1;1;1;1;1;0;1;1;1;267.316666667
1;1;1;1;1;1;1;1;1;0;1;1;255.43
