DisableExplicitGC;UseAdaptiveGCBoundary;UseAdaptiveSizeDecayMajorGCCost;UseAdaptiveSizePolicy;UseAdaptiveSizePolicyFootprintGoal;MaxTenuringThreshold;MaxTenuringThreshold_5;MaxTenuringThreshold_10;MaxTenuringThreshold_15;MinSurvivorRatio;MinSurvivorRatio_1;MinSurvivorRatio_4;MinSurvivorRatio_7;MinSurvivorRatio_10;NewRatio;NewRatio_1;NewRatio_2;NewRatio_4;NewRatio_8;NewRatio_16;NewRatio_32;SurvivorRatio;SurvivorRatio_1;SurvivorRatio_6;SurvivorRatio_11;SurvivorRatio_16;SurvivorRatio_21;SurvivorRatio_26;SurvivorRatio_31;TenuredGenerationSizeSupplement;TenuredGenerationSizeSupplement_50;TenuredGenerationSizeSupplement_70;TenuredGenerationSizeSupplement_90;TenuredGenerationSizeSupplementDecay;TenuredGenerationSizeSupplementDecay_2;TenuredGenerationSizeSupplementDecay_4;TenuredGenerationSizeSupplementDecay_8;TenuredGenerationSizeSupplementDecay_16;Performance
0;0;0;0;0;1;1;0;0;1;1;0;0;0;1;1;0;0;0;0;0;1;1;0;0;0;0;0;0;1;1;0;0;1;1;0;0;0;34.583
0;0;0;0;0;1;1;0;0;1;0;1;0;0;1;1;0;0;0;0;0;1;1;0;0;0;0;0;0;1;1;0;0;1;1;0;0;0;33.2339
0;0;0;0;0;1;1;0;0;1;0;1;0;0;1;0;0;0;1;0;0;1;1;0;0;0;0;0;0;1;1;0;0;1;1;0;0;0;45.5407333333333
0;0;0;0;0;1;1;0;0;1;0;0;0;1;1;0;0;0;1;0;0;1;1;0;0;0;0;0;0;1;1;0;0;1;1;0;0;0;47.6348333333333
0;0;0;0;0;1;1;0;0;1;0;0;0;1;1;0;0;0;1;0;0;1;1;0;0;0;0;0;0;1;0;1;0;1;1;0;0;0;44.4951
0;0;0;0;0;1;1;0;0;1;0;0;0;1;1;0;0;0;1;0;0;1;1;0;0;0;0;0;0;1;0;1;0;1;0;1;0;0;43.4648666666667
0;0;0;0;0;1;0;0;1;1;0;0;0;1;1;0;0;0;0;0;1;1;0;0;0;0;0;1;0;1;0;1;0;1;0;1;0;0;63.9092
0;0;0;0;0;1;1;0;0;1;0;0;0;1;1;0;0;0;1;0;0;1;1;0;0;0;0;0;0;1;1;0;0;1;0;0;1;0;46.43934
0;0;0;0;0;1;0;0;1;1;0;0;1;0;1;0;0;0;0;0;1;1;1;0;0;0;0;0;0;1;1;0;0;1;0;0;1;0;58.5052333333333
0;0;0;0;0;1;1;0;0;1;0;1;0;0;1;1;0;0;0;0;0;1;1;0;0;0;0;0;0;1;0;1;0;1;0;0;1;0;32.4568
0;0;0;0;0;1;1;0;0;1;0;0;0;1;1;0;0;0;1;0;0;1;1;0;0;0;0;0;0;1;0;1;0;1;0;0;1;0;43.8162666666667
0;0;0;0;0;1;0;1;0;1;0;0;0;1;1;0;0;0;1;0;0;1;1;0;0;0;0;0;0;1;0;1;0;1;0;0;1;0;45.4153
0;0;0;0;0;1;0;0;1;1;0;0;0;1;1;0;0;0;1;0;0;1;1;0;0;0;0;0;0;1;0;1;0;1;0;0;1;0;44.8305
0;0;0;0;0;1;0;0;1;1;1;0;0;0;1;0;0;0;0;1;0;1;1;0;0;0;0;0;0;1;0;1;0;1;0;0;1;0;54.2080333333333
0;0;0;0;0;1;1;0;0;1;0;1;0;0;1;0;0;0;0;0;1;1;1;0;0;0;0;0;0;1;0;1;0;1;0;0;1;0;59.2779333333333
0;0;0;0;0;1;0;0;1;1;0;1;0;0;1;0;0;0;0;0;1;1;1;0;0;0;0;0;0;1;0;1;0;1;0;0;1;0;59.2299666666667
0;0;0;0;0;1;0;0;1;1;0;0;1;0;1;0;0;0;0;0;1;1;1;0;0;0;0;0;0;1;0;1;0;1;0;0;1;0;58.4465
0;0;0;0;0;1;0;0;1;1;0;0;0;1;1;0;0;0;0;0;1;1;1;0;0;0;0;0;0;1;0;1;0;1;0;0;1;0;67.96572
0;0;0;0;0;1;0;0;1;1;1;0;0;0;1;0;0;0;0;1;0;1;0;0;0;0;0;1;0;1;0;1;0;1;0;0;1;0;41.2178
0;0;0;0;0;1;0;0;1;1;0;1;0;0;1;0;0;0;0;1;0;1;0;0;0;0;0;1;0;1;0;1;0;1;0;0;1;0;43.3408333333333
0;0;0;0;0;1;0;0;1;1;0;0;0;1;1;0;0;0;0;0;1;1;0;0;0;0;0;1;0;1;0;1;0;1;0;0;1;0;62.3971333333333
0;0;0;0;0;1;1;0;0;1;0;0;0;1;1;0;0;0;1;0;0;1;1;0;0;0;0;0;0;1;0;0;1;1;0;0;1;0;43.7061
0;0;0;0;0;1;0;0;1;1;0;1;0;0;1;0;0;0;0;0;1;1;1;0;0;0;0;0;0;1;0;0;1;1;0;0;1;0;58.2003666666667
0;0;0;0;0;1;0;0;1;1;0;0;1;0;1;0;0;0;0;0;1;1;1;0;0;0;0;0;0;1;0;0;1;1;0;0;1;0;59.8798666666667
0;0;0;0;0;1;1;0;0;1;0;0;0;1;1;0;0;0;1;0;0;1;1;0;0;0;0;0;0;1;1;0;0;1;0;0;0;1;45.9050666666667
0;0;0;0;0;1;1;0;0;1;1;0;0;0;1;0;0;1;0;0;0;1;0;1;0;0;0;0;0;1;1;0;0;1;0;0;0;1;30.15246
0;0;0;0;0;1;1;0;0;1;0;1;0;0;1;0;0;1;0;0;0;1;0;1;0;0;0;0;0;1;1;0;0;1;0;0;0;1;31.53338
0;0;0;0;0;1;1;0;0;1;0;0;1;0;1;0;0;1;0;0;0;1;0;1;0;0;0;0;0;1;1;0;0;1;0;0;0;1;33.2031333333333
0;0;0;0;0;1;1;0;0;1;1;0;0;0;1;1;0;0;0;0;0;1;1;0;0;0;0;0;0;1;0;1;0;1;0;0;0;1;34.0697666666667
0;0;0;0;0;1;1;0;0;1;0;1;0;0;1;1;0;0;0;0;0;1;1;0;0;0;0;0;0;1;0;1;0;1;0;0;0;1;32.6287
0;0;0;0;0;1;1;0;0;1;0;0;0;1;1;1;0;0;0;0;0;1;1;0;0;0;0;0;0;1;0;1;0;1;0;0;0;1;33.3995666666667
0;0;0;0;0;1;1;0;0;1;1;0;0;0;1;0;0;1;0;0;0;1;1;0;0;0;0;0;0;1;0;1;0;1;0;0;0;1;40.6148666666667
0;0;0;0;0;1;0;0;1;1;1;0;0;0;1;0;0;1;0;0;0;1;1;0;0;0;0;0;0;1;0;1;0;1;0;0;0;1;40.6812666666667
0;0;0;0;0;1;1;0;0;1;0;1;0;0;1;0;0;1;0;0;0;1;1;0;0;0;0;0;0;1;0;1;0;1;0;0;0;1;40.6887
0;0;0;0;0;1;0;0;1;1;0;1;0;0;1;0;0;1;0;0;0;1;1;0;0;0;0;0;0;1;0;1;0;1;0;0;0;1;40.9091
0;0;0;0;0;1;1;0;0;1;0;1;0;0;1;0;0;0;1;0;0;1;1;0;0;0;0;0;0;1;0;1;0;1;0;0;0;1;44.8011
0;0;0;0;0;1;1;0;0;1;0;0;0;1;1;0;0;0;1;0;0;1;1;0;0;0;0;0;0;1;0;1;0;1;0;0;0;1;44.3381
0;0;0;0;0;1;0;1;0;1;0;0;0;1;1;0;0;0;1;0;0;1;1;0;0;0;0;0;0;1;0;1;0;1;0;0;0;1;47.2939
0;0;0;0;0;1;0;0;1;1;0;0;0;1;1;0;0;0;1;0;0;1;1;0;0;0;0;0;0;1;0;1;0;1;0;0;0;1;44.9687
0;0;0;0;0;1;0;0;1;1;1;0;0;0;1;0;0;0;0;1;0;1;1;0;0;0;0;0;0;1;0;1;0;1;0;0;0;1;51.6359
0;0;0;0;0;1;1;0;0;1;1;0;0;0;1;0;0;0;0;0;1;1;1;0;0;0;0;0;0;1;0;1;0;1;0;0;0;1;56.2731666666667
0;0;0;0;0;1;1;0;0;1;0;1;0;0;1;0;0;0;0;0;1;1;1;0;0;0;0;0;0;1;0;1;0;1;0;0;0;1;58.3435666666667
0;0;0;0;0;1;1;0;0;1;0;0;1;0;1;0;0;0;0;0;1;1;1;0;0;0;0;0;0;1;0;1;0;1;0;0;0;1;58.001
0;0;0;0;0;1;1;0;0;1;1;0;0;0;1;1;0;0;0;0;0;1;0;1;0;0;0;0;0;1;0;1;0;1;0;0;0;1;23.7427
0;0;0;0;0;1;1;0;0;1;0;1;0;0;1;1;0;0;0;0;0;1;0;1;0;0;0;0;0;1;0;1;0;1;0;0;0;1;23.9886666666667
0;0;0;0;0;1;1;0;0;1;1;0;0;0;1;0;1;0;0;0;0;1;0;1;0;0;0;0;0;1;0;1;0;1;0;0;0;1;29.0715
0;0;0;0;0;1;1;0;0;1;1;0;0;0;1;0;0;1;0;0;0;1;0;1;0;0;0;0;0;1;0;1;0;1;0;0;0;1;30.075
0;0;0;0;0;1;0;1;0;1;1;0;0;0;1;0;0;1;0;0;0;1;0;1;0;0;0;0;0;1;0;1;0;1;0;0;0;1;35.7444
0;0;0;0;0;1;1;0;0;1;0;1;0;0;1;0;0;1;0;0;0;1;0;1;0;0;0;0;0;1;0;1;0;1;0;0;0;1;32.0559333333333
0;0;0;0;0;1;0;1;0;1;0;1;0;0;1;0;0;1;0;0;0;1;0;1;0;0;0;0;0;1;0;1;0;1;0;0;0;1;32.1285333333333
0;0;0;0;0;1;1;0;0;1;0;0;1;0;1;0;0;1;0;0;0;1;0;1;0;0;0;0;0;1;0;1;0;1;0;0;0;1;30.7593
0;0;0;0;0;1;1;0;0;1;1;0;0;0;1;0;0;0;0;1;0;1;0;1;0;0;0;0;0;1;0;1;0;1;0;0;0;1;49.5791333333333
0;0;0;0;0;1;1;0;0;1;1;0;0;0;1;0;0;0;0;0;1;1;0;1;0;0;0;0;0;1;0;1;0;1;0;0;0;1;56.6758666666667
0;0;0;0;0;1;1;0;0;1;0;1;0;0;1;0;0;1;0;0;0;1;0;0;1;0;0;0;0;1;0;1;0;1;0;0;0;1;35.9345333333333
0;0;0;0;0;1;1;0;0;1;0;1;0;0;1;0;0;1;0;0;0;1;0;0;0;1;0;0;0;1;0;1;0;1;0;0;0;1;35.5921333333333
0;0;0;0;0;1;1;0;0;1;0;1;0;0;1;0;0;1;0;0;0;1;0;0;0;0;1;0;0;1;0;1;0;1;0;0;0;1;33.6701333333333
0;0;0;0;0;1;1;0;0;1;0;1;0;0;1;1;0;0;0;0;0;1;0;0;0;0;0;1;0;1;0;1;0;1;0;0;0;1;24.2411
0;0;0;0;0;1;1;0;0;1;1;0;0;0;1;0;0;1;0;0;0;1;0;0;0;0;0;1;0;1;0;1;0;1;0;0;0;1;31.4332666666667
0;0;0;0;0;1;0;0;1;1;1;0;0;0;1;0;0;1;0;0;0;1;0;0;0;0;0;1;0;1;0;1;0;1;0;0;0;1;34.7559
0;0;0;0;0;1;1;0;0;1;0;1;0;0;1;0;0;1;0;0;0;1;0;0;0;0;0;1;0;1;0;1;0;1;0;0;0;1;33.0016333333333
0;0;0;0;0;1;0;0;1;1;0;1;0;0;1;0;0;1;0;0;0;1;0;0;0;0;0;1;0;1;0;1;0;1;0;0;0;1;35.41968
0;0;0;0;0;1;0;0;1;1;1;0;0;0;1;0;0;0;0;1;0;1;0;0;0;0;0;1;0;1;0;1;0;1;0;0;0;1;44.2218666666667
0;0;0;0;0;1;1;0;0;1;0;1;0;0;1;0;0;0;0;0;1;1;0;0;0;0;0;1;0;1;0;1;0;1;0;0;0;1;56.9688666666667
0;0;0;0;0;1;0;0;1;1;0;0;0;1;1;0;0;0;0;0;1;1;0;0;0;0;0;1;0;1;0;1;0;1;0;0;0;1;63.0464666666667
0;0;0;0;0;1;1;0;0;1;0;1;0;0;1;0;0;1;0;0;0;1;0;0;0;0;0;0;1;1;0;1;0;1;0;0;0;1;32.33658
0;0;0;0;0;1;1;0;0;1;1;0;0;0;1;0;0;0;0;1;0;1;0;0;0;0;0;0;1;1;0;1;0;1;0;0;0;1;39.9831666666667
0;0;0;0;0;1;1;0;0;1;1;0;0;0;1;0;0;0;0;0;1;1;0;0;0;0;0;0;1;1;0;1;0;1;0;0;0;1;59.7529333333333
0;0;0;0;0;1;1;0;0;1;0;1;0;0;1;1;0;0;0;0;0;1;1;0;0;0;0;0;0;1;0;0;1;1;0;0;0;1;33.2298
0;0;0;0;0;1;1;0;0;1;0;0;0;1;1;0;0;0;1;0;0;1;1;0;0;0;0;0;0;1;0;0;1;1;0;0;0;1;44.5603
0;0;0;0;0;1;0;1;0;1;0;0;0;1;1;0;0;0;1;0;0;1;1;0;0;0;0;0;0;1;0;0;1;1;0;0;0;1;45.7568333333333
0;0;0;0;0;1;1;0;0;1;1;0;0;0;1;0;0;1;0;0;0;1;0;1;0;0;0;0;0;1;0;0;1;1;0;0;0;1;31.8507
0;0;0;0;0;1;1;0;0;1;0;1;0;0;1;0;0;1;0;0;0;1;0;1;0;0;0;0;0;1;0;0;1;1;0;0;0;1;28.5848666666667
0;0;0;0;0;1;1;0;0;1;0;0;1;0;1;0;0;1;0;0;0;1;0;1;0;0;0;0;0;1;0;0;1;1;0;0;0;1;29.5062666666667
1;0;0;0;0;1;1;0;0;1;1;0;0;0;1;0;1;0;0;0;0;1;1;0;0;0;0;0;0;1;1;0;0;1;1;0;0;0;36.27084
1;0;0;0;0;1;0;1;0;1;1;0;0;0;1;0;1;0;0;0;0;1;1;0;0;0;0;0;0;1;1;0;0;1;1;0;0;0;40.47794
1;0;0;0;0;1;0;0;1;1;1;0;0;0;1;0;1;0;0;0;0;1;1;0;0;0;0;0;0;1;1;0;0;1;1;0;0;0;38.24678
1;0;0;0;0;1;1;0;0;1;0;1;0;0;1;0;1;0;0;0;0;1;1;0;0;0;0;0;0;1;1;0;0;1;1;0;0;0;36.78048
1;0;0;0;0;1;0;1;0;1;0;1;0;0;1;0;1;0;0;0;0;1;1;0;0;0;0;0;0;1;1;0;0;1;1;0;0;0;40.92504
1;0;0;0;0;1;0;0;1;1;0;1;0;0;1;0;1;0;0;0;0;1;1;0;0;0;0;0;0;1;1;0;0;1;1;0;0;0;40.3315
1;0;0;0;0;1;1;0;0;1;0;0;0;1;1;0;1;0;0;0;0;1;1;0;0;0;0;0;0;1;1;0;0;1;1;0;0;0;36.89772
1;0;0;0;0;1;0;1;0;1;0;0;0;1;1;0;1;0;0;0;0;1;1;0;0;0;0;0;0;1;1;0;0;1;1;0;0;0;40.25204
1;0;0;0;0;1;0;0;1;1;0;0;0;1;1;0;1;0;0;0;0;1;1;0;0;0;0;0;0;1;1;0;0;1;1;0;0;0;39.21684
1;0;0;0;0;1;1;0;0;1;1;0;0;0;1;0;0;0;0;0;1;1;1;0;0;0;0;0;0;1;1;0;0;1;1;0;0;0;63.72036
1;0;0;0;0;1;0;1;0;1;1;0;0;0;1;0;0;0;0;0;1;1;1;0;0;0;0;0;0;1;1;0;0;1;1;0;0;0;66.50634
1;0;0;0;0;1;0;0;1;1;1;0;0;0;1;0;0;0;0;0;1;1;1;0;0;0;0;0;0;1;1;0;0;1;1;0;0;0;66.03194
1;0;0;0;0;1;1;0;0;1;0;1;0;0;1;0;0;0;0;0;1;1;1;0;0;0;0;0;0;1;1;0;0;1;1;0;0;0;61.88346
1;0;0;0;0;1;0;1;0;1;0;1;0;0;1;0;0;0;0;0;1;1;1;0;0;0;0;0;0;1;1;0;0;1;1;0;0;0;64.54336
1;0;0;0;0;1;0;0;1;1;0;1;0;0;1;0;0;0;0;0;1;1;1;0;0;0;0;0;0;1;1;0;0;1;1;0;0;0;62.97108
1;0;0;0;0;1;1;0;0;1;0;0;0;1;1;0;0;0;0;0;1;1;1;0;0;0;0;0;0;1;1;0;0;1;1;0;0;0;64.61958
1;0;0;0;0;1;0;1;0;1;0;0;0;1;1;0;0;0;0;0;1;1;1;0;0;0;0;0;0;1;1;0;0;1;1;0;0;0;65.72824
1;0;0;0;0;1;0;0;1;1;0;0;0;1;1;0;0;0;0;0;1;1;1;0;0;0;0;0;0;1;1;0;0;1;1;0;0;0;70.187
1;0;0;0;0;1;1;0;0;1;1;0;0;0;1;1;0;0;0;0;0;1;0;1;0;0;0;0;0;1;1;0;0;1;1;0;0;0;27.80002
1;0;0;0;0;1;0;1;0;1;1;0;0;0;1;1;0;0;0;0;0;1;0;1;0;0;0;0;0;1;1;0;0;1;1;0;0;0;29.75468
1;0;0;0;0;1;0;0;1;1;1;0;0;0;1;1;0;0;0;0;0;1;0;1;0;0;0;0;0;1;1;0;0;1;1;0;0;0;29.44306
1;0;0;0;0;1;1;0;0;1;0;1;0;0;1;1;0;0;0;0;0;1;0;1;0;0;0;0;0;1;1;0;0;1;1;0;0;0;28.73336
1;0;0;0;0;1;0;1;0;1;0;1;0;0;1;1;0;0;0;0;0;1;0;1;0;0;0;0;0;1;1;0;0;1;1;0;0;0;28.92132
1;0;0;0;0;1;0;0;1;1;0;1;0;0;1;1;0;0;0;0;0;1;0;1;0;0;0;0;0;1;1;0;0;1;1;0;0;0;29.24316
1;0;0;0;0;1;1;0;0;1;0;0;0;1;1;1;0;0;0;0;0;1;0;1;0;0;0;0;0;1;1;0;0;1;1;0;0;0;28.81206
1;0;0;0;0;1;0;1;0;1;0;0;0;1;1;1;0;0;0;0;0;1;0;1;0;0;0;0;0;1;1;0;0;1;1;0;0;0;30.14696
1;0;0;0;0;1;0;0;1;1;0;0;0;1;1;1;0;0;0;0;0;1;0;1;0;0;0;0;0;1;1;0;0;1;1;0;0;0;29.423
1;0;0;0;0;1;1;0;0;1;1;0;0;0;1;0;1;0;0;0;0;1;0;1;0;0;0;0;0;1;1;0;0;1;1;0;0;0;29.04706
1;0;0;0;0;1;0;1;0;1;1;0;0;0;1;0;1;0;0;0;0;1;0;1;0;0;0;0;0;1;1;0;0;1;1;0;0;0;29.93866
1;0;0;0;0;1;0;0;1;1;1;0;0;0;1;0;1;0;0;0;0;1;0;1;0;0;0;0;0;1;1;0;0;1;1;0;0;0;29.72636
1;0;0;0;0;1;1;0;0;1;0;1;0;0;1;0;1;0;0;0;0;1;0;1;0;0;0;0;0;1;1;0;0;1;1;0;0;0;29.81718
1;0;0;0;0;1;0;1;0;1;0;1;0;0;1;0;1;0;0;0;0;1;0;1;0;0;0;0;0;1;1;0;0;1;1;0;0;0;29.52952
1;0;0;0;0;1;0;0;1;1;0;1;0;0;1;0;1;0;0;0;0;1;0;1;0;0;0;0;0;1;1;0;0;1;1;0;0;0;29.4704
1;0;0;0;0;1;1;0;0;1;0;0;0;1;1;0;1;0;0;0;0;1;0;1;0;0;0;0;0;1;1;0;0;1;1;0;0;0;29.25522
1;0;0;0;0;1;0;1;0;1;0;0;0;1;1;0;1;0;0;0;0;1;0;1;0;0;0;0;0;1;1;0;0;1;1;0;0;0;29.93902
1;0;0;0;0;1;0;0;1;1;0;0;0;1;1;0;1;0;0;0;0;1;0;1;0;0;0;0;0;1;1;0;0;1;1;0;0;0;33.22376
1;0;0;0;0;1;1;0;0;1;1;0;0;0;1;0;0;0;0;0;1;1;0;1;0;0;0;0;0;1;1;0;0;1;1;0;0;0;52.33204
1;0;0;0;0;1;0;1;0;1;1;0;0;0;1;0;0;0;0;0;1;1;0;1;0;0;0;0;0;1;1;0;0;1;1;0;0;0;54.54226
1;0;0;0;0;1;0;0;1;1;1;0;0;0;1;0;0;0;0;0;1;1;0;1;0;0;0;0;0;1;1;0;0;1;1;0;0;0;52.90754
1;0;0;0;0;1;1;0;0;1;0;1;0;0;1;0;0;0;0;0;1;1;0;1;0;0;0;0;0;1;1;0;0;1;1;0;0;0;51.40782
1;0;0;0;0;1;0;1;0;1;0;1;0;0;1;0;0;0;0;0;1;1;0;1;0;0;0;0;0;1;1;0;0;1;1;0;0;0;57.13256
1;0;0;0;0;1;0;0;1;1;0;1;0;0;1;0;0;0;0;0;1;1;0;1;0;0;0;0;0;1;1;0;0;1;1;0;0;0;56.48188
1;0;0;0;0;1;1;0;0;1;0;0;0;1;1;0;0;0;0;0;1;1;0;1;0;0;0;0;0;1;1;0;0;1;1;0;0;0;58.0059
1;0;0;0;0;1;0;1;0;1;0;0;0;1;1;0;0;0;0;0;1;1;0;1;0;0;0;0;0;1;1;0;0;1;1;0;0;0;56.50908
1;0;0;0;0;1;0;0;1;1;0;0;0;1;1;0;0;0;0;0;1;1;0;1;0;0;0;0;0;1;1;0;0;1;1;0;0;0;58.05822
1;0;0;0;0;1;1;0;0;1;1;0;0;0;1;0;0;0;0;0;1;1;1;0;0;0;0;0;0;1;1;0;0;1;0;1;0;0;57.23016
1;0;0;0;0;1;0;1;0;1;1;0;0;0;1;0;0;0;0;0;1;1;1;0;0;0;0;0;0;1;1;0;0;1;0;1;0;0;60.96532
1;0;0;0;0;1;0;0;1;1;1;0;0;0;1;0;0;0;0;0;1;1;1;0;0;0;0;0;0;1;1;0;0;1;0;1;0;0;58.68198
1;0;0;0;0;1;1;0;0;1;0;1;0;0;1;0;0;0;0;0;1;1;1;0;0;0;0;0;0;1;1;0;0;1;0;1;0;0;59.89576
1;0;0;0;0;1;0;1;0;1;0;1;0;0;1;0;0;0;0;0;1;1;1;0;0;0;0;0;0;1;1;0;0;1;0;1;0;0;60.4797
1;0;0;0;0;1;0;0;1;1;0;1;0;0;1;0;0;0;0;0;1;1;1;0;0;0;0;0;0;1;1;0;0;1;0;1;0;0;59.66476
1;0;0;0;0;1;1;0;0;1;0;0;0;1;1;0;0;0;0;0;1;1;1;0;0;0;0;0;0;1;1;0;0;1;0;1;0;0;66.02664
1;0;0;0;0;1;0;1;0;1;0;0;0;1;1;0;0;0;0;0;1;1;1;0;0;0;0;0;0;1;1;0;0;1;0;1;0;0;66.48934
1;0;0;0;0;1;0;0;1;1;0;0;0;1;1;0;0;0;0;0;1;1;1;0;0;0;0;0;0;1;1;0;0;1;0;1;0;0;67.26752
1;0;0;0;0;1;1;0;0;1;1;0;0;0;1;0;0;0;0;0;1;1;0;1;0;0;0;0;0;1;1;0;0;1;0;1;0;0;48.5887
1;0;0;0;0;1;0;1;0;1;1;0;0;0;1;0;0;0;0;0;1;1;0;1;0;0;0;0;0;1;1;0;0;1;0;1;0;0;49.96944
1;0;0;0;0;1;0;0;1;1;1;0;0;0;1;0;0;0;0;0;1;1;0;1;0;0;0;0;0;1;1;0;0;1;0;1;0;0;50.38798
1;0;0;0;0;1;1;0;0;1;0;1;0;0;1;0;0;0;0;0;1;1;0;1;0;0;0;0;0;1;1;0;0;1;0;1;0;0;48.52968
1;0;0;0;0;1;0;1;0;1;0;1;0;0;1;0;0;0;0;0;1;1;0;1;0;0;0;0;0;1;1;0;0;1;0;1;0;0;53.85424
1;0;0;0;0;1;0;0;1;1;0;1;0;0;1;0;0;0;0;0;1;1;0;1;0;0;0;0;0;1;1;0;0;1;0;1;0;0;50.4473
1;0;0;0;0;1;1;0;0;1;0;0;0;1;1;0;0;0;0;0;1;1;0;1;0;0;0;0;0;1;1;0;0;1;0;1;0;0;56.16548
1;0;0;0;0;1;0;1;0;1;0;0;0;1;1;0;0;0;0;0;1;1;0;1;0;0;0;0;0;1;1;0;0;1;0;1;0;0;56.35472
1;0;0;0;0;1;0;0;1;1;0;0;0;1;1;0;0;0;0;0;1;1;0;1;0;0;0;0;0;1;1;0;0;1;0;1;0;0;56.42552
1;0;0;0;0;1;1;0;0;1;1;0;0;0;1;0;0;0;0;0;1;1;0;0;0;0;1;0;0;1;1;0;0;1;0;1;0;0;48.26144
1;0;0;0;0;1;0;1;0;1;1;0;0;0;1;0;0;0;0;0;1;1;0;0;0;0;1;0;0;1;1;0;0;1;0;1;0;0;50.58772
1;0;0;0;0;1;0;0;1;1;1;0;0;0;1;0;0;0;0;0;1;1;0;0;0;0;1;0;0;1;1;0;0;1;0;1;0;0;51.73326
1;0;0;0;0;1;1;0;0;1;0;1;0;0;1;0;0;0;0;0;1;1;0;0;0;0;1;0;0;1;1;0;0;1;0;1;0;0;51.97654
1;0;0;0;0;1;0;1;0;1;0;1;0;0;1;0;0;0;0;0;1;1;0;0;0;0;1;0;0;1;1;0;0;1;0;1;0;0;57.71568
1;0;0;0;0;1;0;0;1;1;0;1;0;0;1;0;0;0;0;0;1;1;0;0;0;0;1;0;0;1;1;0;0;1;0;1;0;0;51.152
1;0;0;0;0;1;1;0;0;1;0;0;0;1;1;0;0;0;0;0;1;1;0;0;0;0;1;0;0;1;1;0;0;1;0;1;0;0;59.2255
1;0;0;0;0;1;0;1;0;1;0;0;0;1;1;0;0;0;0;0;1;1;0;0;0;0;1;0;0;1;1;0;0;1;0;1;0;0;55.255
1;0;0;0;0;1;0;0;1;1;0;0;0;1;1;0;0;0;0;0;1;1;0;0;0;0;1;0;0;1;1;0;0;1;0;1;0;0;54.1832
1;0;0;0;0;1;1;0;0;1;1;0;0;0;1;0;0;0;0;0;1;1;0;0;0;0;1;0;0;1;0;0;1;1;0;1;0;0;50.85796
1;0;0;0;0;1;0;0;1;1;1;0;0;0;1;0;0;0;0;0;1;1;0;0;0;0;1;0;0;1;0;0;1;1;0;1;0;0;52.5276
1;0;0;0;0;1;1;0;0;1;0;1;0;0;1;0;0;0;0;0;1;1;0;0;0;0;1;0;0;1;0;0;1;1;0;1;0;0;48.42584
1;0;0;0;0;1;0;0;1;1;0;1;0;0;1;0;0;0;0;0;1;1;0;0;0;0;1;0;0;1;0;0;1;1;0;1;0;0;55.9573666666667
1;1;0;0;0;1;1;0;0;1;1;0;0;0;1;0;1;0;0;0;0;1;1;0;0;0;0;0;0;1;1;0;0;1;1;0;0;0;26.1629666666667
1;1;0;0;0;1;0;1;0;1;1;0;0;0;1;0;1;0;0;0;0;1;1;0;0;0;0;0;0;1;1;0;0;1;1;0;0;0;27.3661666666667
1;1;0;0;0;1;0;0;1;1;1;0;0;0;1;0;1;0;0;0;0;1;1;0;0;0;0;0;0;1;1;0;0;1;1;0;0;0;26.3478333333333
1;1;0;0;0;1;1;0;0;1;0;1;0;0;1;0;1;0;0;0;0;1;1;0;0;0;0;0;0;1;1;0;0;1;1;0;0;0;25.2139666666667
1;1;0;0;0;1;0;1;0;1;0;1;0;0;1;0;1;0;0;0;0;1;1;0;0;0;0;0;0;1;1;0;0;1;1;0;0;0;26.7578666666667
1;1;0;0;0;1;0;0;1;1;0;1;0;0;1;0;1;0;0;0;0;1;1;0;0;0;0;0;0;1;1;0;0;1;1;0;0;0;26.3008
1;1;0;0;0;1;1;0;0;1;0;0;0;1;1;0;1;0;0;0;0;1;1;0;0;0;0;0;0;1;1;0;0;1;1;0;0;0;25.7759333333333
1;1;0;0;0;1;0;1;0;1;0;0;0;1;1;0;1;0;0;0;0;1;1;0;0;0;0;0;0;1;1;0;0;1;1;0;0;0;26.5392
1;1;0;0;0;1;0;0;1;1;0;0;0;1;1;0;1;0;0;0;0;1;1;0;0;0;0;0;0;1;1;0;0;1;1;0;0;0;27.3852
1;1;0;0;0;1;1;0;0;1;1;0;0;0;1;0;0;1;0;0;0;1;1;0;0;0;0;0;0;1;1;0;0;1;1;0;0;0;23.2399
1;1;0;0;0;1;0;1;0;1;1;0;0;0;1;0;0;1;0;0;0;1;1;0;0;0;0;0;0;1;1;0;0;1;1;0;0;0;26.3913
1;1;0;0;0;1;0;0;1;1;1;0;0;0;1;0;0;1;0;0;0;1;1;0;0;0;0;0;0;1;1;0;0;1;1;0;0;0;25.0917
1;1;0;0;0;1;1;0;0;1;0;1;0;0;1;0;0;1;0;0;0;1;1;0;0;0;0;0;0;1;1;0;0;1;1;0;0;0;24.1727666666667
1;1;0;0;0;1;0;1;0;1;0;1;0;0;1;0;0;1;0;0;0;1;1;0;0;0;0;0;0;1;1;0;0;1;1;0;0;0;27.0188
1;1;0;0;0;1;0;0;1;1;0;1;0;0;1;0;0;1;0;0;0;1;1;0;0;0;0;0;0;1;1;0;0;1;1;0;0;0;25.442
1;1;0;0;0;1;1;0;0;1;0;0;0;1;1;0;0;1;0;0;0;1;1;0;0;0;0;0;0;1;1;0;0;1;1;0;0;0;23.6689
1;1;0;0;0;1;0;1;0;1;0;0;0;1;1;0;0;1;0;0;0;1;1;0;0;0;0;0;0;1;1;0;0;1;1;0;0;0;28.8717666666667
1;1;0;0;0;1;0;0;1;1;0;0;0;1;1;0;0;1;0;0;0;1;1;0;0;0;0;0;0;1;1;0;0;1;1;0;0;0;28.2199
1;1;0;0;0;1;1;0;0;1;1;0;0;0;1;0;0;0;1;0;0;1;1;0;0;0;0;0;0;1;1;0;0;1;1;0;0;0;25.7670333333333
1;1;0;0;0;1;0;1;0;1;1;0;0;0;1;0;0;0;1;0;0;1;1;0;0;0;0;0;0;1;1;0;0;1;1;0;0;0;26.7871
1;1;0;0;0;1;0;0;1;1;1;0;0;0;1;0;0;0;1;0;0;1;1;0;0;0;0;0;0;1;1;0;0;1;1;0;0;0;27.8023666666667
1;1;0;0;0;1;1;0;0;1;0;1;0;0;1;0;0;0;1;0;0;1;1;0;0;0;0;0;0;1;1;0;0;1;1;0;0;0;25.5324
1;1;0;0;0;1;0;1;0;1;0;1;0;0;1;0;0;0;1;0;0;1;1;0;0;0;0;0;0;1;1;0;0;1;1;0;0;0;28.8693666666667
1;1;0;0;0;1;0;0;1;1;0;1;0;0;1;0;0;0;1;0;0;1;1;0;0;0;0;0;0;1;1;0;0;1;1;0;0;0;25.9510666666667
1;1;0;0;0;1;1;0;0;1;0;0;0;1;1;0;0;0;1;0;0;1;1;0;0;0;0;0;0;1;1;0;0;1;1;0;0;0;26.5728666666667
1;1;0;0;0;1;0;1;0;1;0;0;0;1;1;0;0;0;1;0;0;1;1;0;0;0;0;0;0;1;1;0;0;1;1;0;0;0;29.4056
1;1;0;0;0;1;0;0;1;1;0;0;0;1;1;0;0;0;1;0;0;1;1;0;0;0;0;0;0;1;1;0;0;1;1;0;0;0;26.9318666666667
1;1;0;0;0;1;1;0;0;1;1;0;0;0;1;0;0;0;0;1;0;1;1;0;0;0;0;0;0;1;1;0;0;1;1;0;0;0;32.296
1;1;0;0;0;1;0;1;0;1;1;0;0;0;1;0;0;0;0;1;0;1;1;0;0;0;0;0;0;1;1;0;0;1;1;0;0;0;32.22548
1;1;0;0;0;1;0;0;1;1;1;0;0;0;1;0;0;0;0;1;0;1;1;0;0;0;0;0;0;1;1;0;0;1;1;0;0;0;33.54942
1;1;0;0;0;1;1;0;0;1;0;1;0;0;1;0;0;0;0;1;0;1;1;0;0;0;0;0;0;1;1;0;0;1;1;0;0;0;36.1524666666667
1;1;0;0;0;1;0;1;0;1;0;1;0;0;1;0;0;0;0;1;0;1;1;0;0;0;0;0;0;1;1;0;0;1;1;0;0;0;34.5069333333333
1;1;0;0;0;1;0;0;1;1;0;1;0;0;1;0;0;0;0;1;0;1;1;0;0;0;0;0;0;1;1;0;0;1;1;0;0;0;35.4135666666667
1;1;0;0;0;1;1;0;0;1;0;0;0;1;1;0;0;0;0;1;0;1;1;0;0;0;0;0;0;1;1;0;0;1;1;0;0;0;36.1542
1;1;0;0;0;1;0;1;0;1;0;0;0;1;1;0;0;0;0;1;0;1;1;0;0;0;0;0;0;1;1;0;0;1;1;0;0;0;35.4522666666667
1;1;0;0;0;1;0;0;1;1;0;0;0;1;1;0;0;0;0;1;0;1;1;0;0;0;0;0;0;1;1;0;0;1;1;0;0;0;37.0454333333333
1;1;0;0;0;1;1;0;0;1;1;0;0;0;1;0;0;0;0;0;1;1;1;0;0;0;0;0;0;1;1;0;0;1;1;0;0;0;83.0592
1;1;0;0;0;1;0;1;0;1;1;0;0;0;1;0;0;0;0;0;1;1;1;0;0;0;0;0;0;1;1;0;0;1;1;0;0;0;82.2222666666667
1;1;0;0;0;1;0;0;1;1;1;0;0;0;1;0;0;0;0;0;1;1;1;0;0;0;0;0;0;1;1;0;0;1;1;0;0;0;85.6658333333334
1;1;0;0;0;1;1;0;0;1;0;1;0;0;1;0;0;0;0;0;1;1;1;0;0;0;0;0;0;1;1;0;0;1;1;0;0;0;83.0269666666667
1;1;0;0;0;1;0;1;0;1;0;1;0;0;1;0;0;0;0;0;1;1;1;0;0;0;0;0;0;1;1;0;0;1;1;0;0;0;80.1709666666667
1;1;0;0;0;1;0;0;1;1;0;1;0;0;1;0;0;0;0;0;1;1;1;0;0;0;0;0;0;1;1;0;0;1;1;0;0;0;80.5918333333333
1;1;0;0;0;1;1;0;0;1;0;0;0;1;1;0;0;0;0;0;1;1;1;0;0;0;0;0;0;1;1;0;0;1;1;0;0;0;81.4503
1;1;0;0;0;1;0;1;0;1;0;0;0;1;1;0;0;0;0;0;1;1;1;0;0;0;0;0;0;1;1;0;0;1;1;0;0;0;81.4863333333333
1;1;0;0;0;1;0;0;1;1;0;0;0;1;1;0;0;0;0;0;1;1;1;0;0;0;0;0;0;1;1;0;0;1;1;0;0;0;82.2626333333333
1;1;0;0;0;1;0;1;0;1;0;0;0;1;1;0;1;0;0;0;0;1;0;1;0;0;0;0;0;1;1;0;0;1;1;0;0;0;29.7205
1;1;0;0;0;1;0;0;1;1;0;0;0;1;1;0;1;0;0;0;0;1;0;1;0;0;0;0;0;1;1;0;0;1;1;0;0;0;29.4158333333333
1;1;0;0;0;1;0;1;0;1;0;0;0;1;1;0;0;1;0;0;0;1;0;1;0;0;0;0;0;1;1;0;0;1;1;0;0;0;22.0891
1;1;0;0;0;1;0;0;1;1;0;0;0;1;1;0;0;1;0;0;0;1;0;1;0;0;0;0;0;1;1;0;0;1;1;0;0;0;27.5195
1;1;0;0;0;1;0;1;0;1;1;0;0;0;1;0;0;0;0;1;0;1;0;1;0;0;0;0;0;1;1;0;0;1;1;0;0;0;40.1389666666667
1;1;0;0;0;1;0;0;1;1;1;0;0;0;1;0;0;0;0;1;0;1;0;1;0;0;0;0;0;1;1;0;0;1;1;0;0;0;36.8559
1;1;0;0;0;1;0;1;0;1;0;0;0;1;1;0;0;0;0;1;0;1;0;1;0;0;0;0;0;1;1;0;0;1;1;0;0;0;38.3304333333333
1;1;0;0;0;1;0;0;1;1;0;0;0;1;1;0;0;0;0;1;0;1;0;1;0;0;0;0;0;1;1;0;0;1;1;0;0;0;40.2695
1;1;0;0;0;1;1;0;0;1;1;0;0;0;1;0;1;0;0;0;0;1;0;0;1;0;0;0;0;1;1;0;0;1;1;0;0;0;28.4565333333333
1;1;0;0;0;1;0;1;0;1;1;0;0;0;1;0;1;0;0;0;0;1;0;0;1;0;0;0;0;1;1;0;0;1;1;0;0;0;29.9570666666667
1;1;0;0;0;1;0;0;1;1;1;0;0;0;1;0;1;0;0;0;0;1;0;0;1;0;0;0;0;1;1;0;0;1;1;0;0;0;28.3551333333333
1;1;0;0;0;1;1;0;0;1;0;1;0;0;1;0;1;0;0;0;0;1;0;0;1;0;0;0;0;1;1;0;0;1;1;0;0;0;30.4035
1;1;0;0;0;1;0;1;0;1;0;1;0;0;1;0;1;0;0;0;0;1;0;0;1;0;0;0;0;1;1;0;0;1;1;0;0;0;29.9156666666667
1;1;0;0;0;1;0;0;1;1;0;1;0;0;1;0;1;0;0;0;0;1;0;0;1;0;0;0;0;1;1;0;0;1;1;0;0;0;31.7027
1;1;0;0;0;1;1;0;0;1;0;0;0;1;1;0;1;0;0;0;0;1;0;0;1;0;0;0;0;1;1;0;0;1;1;0;0;0;29.5291
1;1;0;0;0;1;0;1;0;1;0;0;0;1;1;0;1;0;0;0;0;1;0;0;1;0;0;0;0;1;1;0;0;1;1;0;0;0;30.1232333333333
1;1;0;0;0;1;0;0;1;1;0;0;0;1;1;0;1;0;0;0;0;1;0;0;1;0;0;0;0;1;1;0;0;1;1;0;0;0;30.1080666666667
1;1;0;0;0;1;1;0;0;1;1;0;0;0;1;0;0;1;0;0;0;1;0;0;1;0;0;0;0;1;1;0;0;1;1;0;0;0;27.9259333333333
1;1;0;0;0;1;0;1;0;1;1;0;0;0;1;0;0;1;0;0;0;1;0;0;1;0;0;0;0;1;1;0;0;1;1;0;0;0;34.6630666666667
1;1;0;0;0;1;0;0;1;1;1;0;0;0;1;0;0;1;0;0;0;1;0;0;1;0;0;0;0;1;1;0;0;1;1;0;0;0;28.62504
1;1;0;0;0;1;1;0;0;1;0;1;0;0;1;0;0;1;0;0;0;1;0;0;1;0;0;0;0;1;1;0;0;1;1;0;0;0;32.4734333333333
1;1;0;0;0;1;0;1;0;1;0;1;0;0;1;0;0;1;0;0;0;1;0;0;1;0;0;0;0;1;1;0;0;1;1;0;0;0;30.26504
1;1;0;0;0;1;0;0;1;1;0;1;0;0;1;0;0;1;0;0;0;1;0;0;1;0;0;0;0;1;1;0;0;1;1;0;0;0;32.6654666666667
1;1;0;0;0;1;1;0;0;1;0;0;0;1;1;0;0;1;0;0;0;1;0;0;1;0;0;0;0;1;1;0;0;1;1;0;0;0;26.7032666666667
1;1;0;0;0;1;0;1;0;1;0;0;0;1;1;0;0;1;0;0;0;1;0;0;1;0;0;0;0;1;1;0;0;1;1;0;0;0;31.3409
1;1;0;0;0;1;0;0;1;1;0;0;0;1;1;0;0;1;0;0;0;1;0;0;1;0;0;0;0;1;1;0;0;1;1;0;0;0;29.02872
1;1;0;0;0;1;1;0;0;1;1;0;0;0;1;0;0;0;0;1;0;1;0;0;1;0;0;0;0;1;1;0;0;1;1;0;0;0;36.0844666666667
1;1;0;0;0;1;0;1;0;1;1;0;0;0;1;0;0;0;0;1;0;1;0;0;1;0;0;0;0;1;1;0;0;1;1;0;0;0;41.47988
1;1;0;0;0;1;0;0;1;1;1;0;0;0;1;0;0;0;0;1;0;1;0;0;1;0;0;0;0;1;1;0;0;1;1;0;0;0;41.01406
1;1;0;0;0;1;1;0;0;1;0;1;0;0;1;0;0;0;0;1;0;1;0;0;1;0;0;0;0;1;1;0;0;1;1;0;0;0;35.2905333333333
1;1;0;0;0;1;0;1;0;1;0;1;0;0;1;0;0;0;0;1;0;1;0;0;1;0;0;0;0;1;1;0;0;1;1;0;0;0;45.12152
1;1;0;0;0;1;0;0;1;1;0;1;0;0;1;0;0;0;0;1;0;1;0;0;1;0;0;0;0;1;1;0;0;1;1;0;0;0;38.5749
1;1;0;0;0;1;1;0;0;1;0;0;0;1;1;0;0;0;0;1;0;1;0;0;1;0;0;0;0;1;1;0;0;1;1;0;0;0;41.6988333333333
1;1;0;0;0;1;0;1;0;1;0;0;0;1;1;0;0;0;0;1;0;1;0;0;1;0;0;0;0;1;1;0;0;1;1;0;0;0;36.0276666666667
1;1;0;0;0;1;0;0;1;1;0;0;0;1;1;0;0;0;0;1;0;1;0;0;1;0;0;0;0;1;1;0;0;1;1;0;0;0;40.3156333333333
1;1;0;0;0;1;1;0;0;1;0;1;0;0;1;0;1;0;0;0;0;1;0;0;1;0;0;0;0;1;0;0;1;1;1;0;0;0;29.5998
1;1;0;0;0;1;1;0;0;1;0;0;0;1;1;0;1;0;0;0;0;1;0;0;1;0;0;0;0;1;0;0;1;1;1;0;0;0;30.2343
1;1;0;0;0;1;1;0;0;1;0;0;0;1;1;0;0;1;0;0;0;1;0;0;1;0;0;0;0;1;0;0;1;1;1;0;0;0;30.08362
1;1;0;0;0;1;1;0;0;1;0;1;0;0;1;0;0;0;0;1;0;1;0;0;1;0;0;0;0;1;0;0;1;1;1;0;0;0;39.1999
1;1;0;0;0;1;1;0;0;1;0;0;0;1;1;0;0;0;0;1;0;1;0;0;1;0;0;0;0;1;0;0;1;1;1;0;0;0;36.4120666666667
1;1;1;1;0;1;1;0;0;1;1;0;0;0;1;0;0;0;1;0;0;1;1;0;0;0;0;0;0;1;1;0;0;1;1;0;0;0;97.0612333333334
1;1;1;1;0;1;0;0;1;1;1;0;0;0;1;0;0;0;1;0;0;1;1;0;0;0;0;0;0;1;1;0;0;1;1;0;0;0;105.6513
1;1;1;1;0;1;1;0;0;1;0;0;0;1;1;0;0;0;1;0;0;1;1;0;0;0;0;0;0;1;1;0;0;1;1;0;0;0;95.4631666666667
1;1;1;1;0;1;0;1;0;1;0;0;0;1;1;0;0;0;1;0;0;1;1;0;0;0;0;0;0;1;1;0;0;1;1;0;0;0;99.4117
1;1;1;1;0;1;0;0;1;1;0;0;0;1;1;0;0;0;1;0;0;1;1;0;0;0;0;0;0;1;1;0;0;1;1;0;0;0;105.249933333333
1;1;1;1;0;1;1;0;0;1;1;0;0;0;1;0;0;0;1;0;0;1;0;1;0;0;0;0;0;1;1;0;0;1;1;0;0;0;133.3138
1;1;1;1;0;1;1;0;0;1;0;0;0;1;1;0;0;0;1;0;0;1;0;1;0;0;0;0;0;1;1;0;0;1;1;0;0;0;134.488366666667
1;1;1;1;0;1;0;1;0;1;0;0;0;1;1;0;0;0;1;0;0;1;0;1;0;0;0;0;0;1;1;0;0;1;1;0;0;0;141.341066666667
1;1;1;1;0;1;0;0;1;1;0;0;0;1;1;0;0;0;1;0;0;1;0;1;0;0;0;0;0;1;1;0;0;1;1;0;0;0;139.811033333333
1;1;1;1;0;1;1;0;0;1;1;0;0;0;1;0;0;0;1;0;0;1;0;0;1;0;0;0;0;1;1;0;0;1;1;0;0;0;139.2621
1;1;1;1;0;1;1;0;0;1;0;0;0;1;1;0;0;0;1;0;0;1;0;0;1;0;0;0;0;1;1;0;0;1;1;0;0;0;135.1004
1;1;1;1;0;1;0;1;0;1;0;0;0;1;1;0;0;0;1;0;0;1;0;0;1;0;0;0;0;1;1;0;0;1;1;0;0;0;133.6764
1;1;1;1;0;1;0;0;1;1;0;0;0;1;1;0;0;0;1;0;0;1;0;0;1;0;0;0;0;1;1;0;0;1;1;0;0;0;135.6644
1;1;1;1;0;1;1;0;0;1;1;0;0;0;1;0;0;0;1;0;0;1;0;0;0;1;0;0;0;1;1;0;0;1;1;0;0;0;130.710666666667
1;1;1;1;0;1;1;0;0;1;0;0;0;1;1;0;0;0;1;0;0;1;0;0;0;1;0;0;0;1;1;0;0;1;1;0;0;0;130.543766666667
1;1;1;1;0;1;0;1;0;1;0;0;0;1;1;0;0;0;1;0;0;1;0;0;0;1;0;0;0;1;1;0;0;1;1;0;0;0;130.247766666667
1;1;1;1;0;1;0;0;1;1;0;0;0;1;1;0;0;0;1;0;0;1;0;0;0;1;0;0;0;1;1;0;0;1;1;0;0;0;127.677066666667
1;1;1;1;0;1;1;0;0;1;1;0;0;0;1;0;0;0;1;0;0;1;0;0;0;0;1;0;0;1;1;0;0;1;1;0;0;0;129.517466666667
1;1;1;1;0;1;1;0;0;1;0;0;0;1;1;0;0;0;1;0;0;1;0;0;0;0;1;0;0;1;1;0;0;1;1;0;0;0;130.343666666667
1;1;1;1;0;1;0;1;0;1;0;0;0;1;1;0;0;0;1;0;0;1;0;0;0;0;1;0;0;1;1;0;0;1;1;0;0;0;129.521333333333
1;1;1;1;0;1;0;0;1;1;0;0;0;1;1;0;0;0;1;0;0;1;0;0;0;0;1;0;0;1;1;0;0;1;1;0;0;0;123.274166666667
1;1;1;1;0;1;1;0;0;1;1;0;0;0;1;0;0;0;1;0;0;1;0;0;0;0;0;1;0;1;1;0;0;1;1;0;0;0;129.668033333333
1;1;1;1;0;1;1;0;0;1;0;0;0;1;1;0;0;0;1;0;0;1;0;0;0;0;0;1;0;1;1;0;0;1;1;0;0;0;130.706133333333
1;1;1;1;0;1;0;1;0;1;0;0;0;1;1;0;0;0;1;0;0;1;0;0;0;0;0;1;0;1;1;0;0;1;1;0;0;0;130.978866666667
1;1;1;1;0;1;0;0;1;1;0;0;0;1;1;0;0;0;1;0;0;1;0;0;0;0;0;1;0;1;1;0;0;1;1;0;0;0;126.110533333333
1;1;1;1;0;1;1;0;0;1;1;0;0;0;1;0;0;0;1;0;0;1;0;0;0;0;0;0;1;1;1;0;0;1;1;0;0;0;125.129233333333
1;1;1;1;0;1;1;0;0;1;0;0;0;1;1;0;0;0;1;0;0;1;0;0;0;0;0;0;1;1;1;0;0;1;1;0;0;0;126.631966666667
1;1;1;1;0;1;0;1;0;1;0;0;0;1;1;0;0;0;1;0;0;1;0;0;0;0;0;0;1;1;1;0;0;1;1;0;0;0;122.968666666667
1;1;1;1;0;1;0;0;1;1;0;0;0;1;1;0;0;0;1;0;0;1;0;0;0;0;0;0;1;1;1;0;0;1;1;0;0;0;124.1569
1;1;1;1;0;1;1;0;0;1;1;0;0;0;1;0;0;0;1;0;0;1;1;0;0;0;0;0;0;1;0;1;0;1;1;0;0;0;93.9897666666667
1;1;1;1;0;1;1;0;0;1;0;0;0;1;1;0;0;0;1;0;0;1;1;0;0;0;0;0;0;1;0;1;0;1;1;0;0;0;98.8015
1;1;1;1;0;1;0;1;0;1;0;0;0;1;1;0;0;0;1;0;0;1;1;0;0;0;0;0;0;1;0;1;0;1;1;0;0;0;99.5297
1;1;1;1;0;1;0;0;1;1;0;0;0;1;1;0;0;0;1;0;0;1;1;0;0;0;0;0;0;1;0;1;0;1;1;0;0;0;103.360233333333
1;1;1;1;0;1;1;0;0;1;1;0;0;0;1;0;0;0;1;0;0;1;0;1;0;0;0;0;0;1;0;1;0;1;1;0;0;0;130.906566666667
1;1;1;1;0;1;1;0;0;1;0;0;0;1;1;0;0;0;1;0;0;1;0;1;0;0;0;0;0;1;0;1;0;1;1;0;0;0;136.219833333333
1;1;1;1;0;1;0;1;0;1;0;0;0;1;1;0;0;0;1;0;0;1;0;1;0;0;0;0;0;1;0;1;0;1;1;0;0;0;145.446233333333
1;1;1;1;0;1;0;0;1;1;0;0;0;1;1;0;0;0;1;0;0;1;0;1;0;0;0;0;0;1;0;1;0;1;1;0;0;0;136.273866666667
1;1;1;1;0;1;1;0;0;1;1;0;0;0;1;0;0;0;1;0;0;1;0;0;1;0;0;0;0;1;0;1;0;1;1;0;0;0;136.6377
1;1;1;1;0;1;1;0;0;1;0;0;0;1;1;0;0;0;1;0;0;1;0;0;1;0;0;0;0;1;0;1;0;1;1;0;0;0;138.067
1;1;1;1;0;1;0;1;0;1;0;0;0;1;1;0;0;0;1;0;0;1;0;0;1;0;0;0;0;1;0;1;0;1;1;0;0;0;134.7463
1;1;1;1;0;1;0;0;1;1;0;0;0;1;1;0;0;0;1;0;0;1;0;0;1;0;0;0;0;1;0;1;0;1;1;0;0;0;131.505
1;1;1;1;0;1;1;0;0;1;1;0;0;0;1;0;0;0;1;0;0;1;0;0;0;1;0;0;0;1;0;1;0;1;1;0;0;0;130.038766666667
1;1;1;1;0;1;1;0;0;1;0;0;0;1;1;0;0;0;1;0;0;1;0;0;0;1;0;0;0;1;0;1;0;1;1;0;0;0;132.903833333333
1;1;1;1;0;1;0;1;0;1;0;0;0;1;1;0;0;0;1;0;0;1;0;0;0;1;0;0;0;1;0;1;0;1;1;0;0;0;132.624333333333
1;1;1;1;0;1;0;0;1;1;0;0;0;1;1;0;0;0;1;0;0;1;0;0;0;1;0;0;0;1;0;1;0;1;1;0;0;0;127.651633333333
1;1;1;1;0;1;1;0;0;1;1;0;0;0;1;0;0;0;1;0;0;1;0;0;0;0;1;0;0;1;0;1;0;1;1;0;0;0;130.986233333333
1;1;1;1;0;1;1;0;0;1;0;0;0;1;1;0;0;0;1;0;0;1;0;0;0;0;1;0;0;1;0;1;0;1;1;0;0;0;130.673766666667
1;1;1;1;0;1;0;1;0;1;0;0;0;1;1;0;0;0;1;0;0;1;0;0;0;0;1;0;0;1;0;1;0;1;1;0;0;0;128.938466666667
1;1;1;1;0;1;0;0;1;1;0;0;0;1;1;0;0;0;1;0;0;1;0;0;0;0;1;0;0;1;0;1;0;1;1;0;0;0;126.362533333333
1;1;1;1;0;1;1;0;0;1;1;0;0;0;1;0;0;0;1;0;0;1;0;0;0;0;0;1;0;1;0;1;0;1;1;0;0;0;131.153666666667
1;1;1;1;0;1;1;0;0;1;0;0;0;1;1;0;0;0;1;0;0;1;0;0;0;0;0;1;0;1;0;1;0;1;1;0;0;0;129.830566666667
1;1;1;1;0;1;0;1;0;1;0;0;0;1;1;0;0;0;1;0;0;1;0;0;0;0;0;1;0;1;0;1;0;1;1;0;0;0;131.708666666667
1;1;1;1;0;1;0;0;1;1;0;0;0;1;1;0;0;0;1;0;0;1;0;0;0;0;0;1;0;1;0;1;0;1;1;0;0;0;126.547466666667
1;1;1;1;0;1;1;0;0;1;1;0;0;0;1;0;0;0;1;0;0;1;0;0;0;0;0;0;1;1;0;1;0;1;1;0;0;0;122.634466666667
1;1;1;1;0;1;1;0;0;1;0;0;0;1;1;0;0;0;1;0;0;1;0;0;0;0;0;0;1;1;0;1;0;1;1;0;0;0;123.147266666667
1;1;1;1;0;1;0;1;0;1;0;0;0;1;1;0;0;0;1;0;0;1;0;0;0;0;0;0;1;1;0;1;0;1;1;0;0;0;121.693366666667
1;1;1;1;0;1;0;0;1;1;0;0;0;1;1;0;0;0;1;0;0;1;0;0;0;0;0;0;1;1;0;1;0;1;1;0;0;0;121.332233333333
1;1;1;1;0;1;1;0;0;1;1;0;0;0;1;0;0;0;1;0;0;1;1;0;0;0;0;0;0;1;0;0;1;1;1;0;0;0;87.18408
1;1;1;1;0;1;1;0;0;1;0;0;0;1;1;0;0;0;1;0;0;1;1;0;0;0;0;0;0;1;0;0;1;1;1;0;0;0;96.3439666666667
1;1;1;1;0;1;0;1;0;1;0;0;0;1;1;0;0;0;1;0;0;1;1;0;0;0;0;0;0;1;0;0;1;1;1;0;0;0;99.1466
1;1;1;1;0;1;0;0;1;1;0;0;0;1;1;0;0;0;1;0;0;1;1;0;0;0;0;0;0;1;0;0;1;1;1;0;0;0;104.225633333333
1;1;1;1;0;1;1;0;0;1;1;0;0;0;1;0;0;0;1;0;0;1;0;1;0;0;0;0;0;1;0;0;1;1;1;0;0;0;131.680633333333
1;1;1;1;0;1;1;0;0;1;0;0;0;1;1;0;0;0;1;0;0;1;0;1;0;0;0;0;0;1;0;0;1;1;1;0;0;0;136.5141
1;1;1;1;0;1;0;1;0;1;0;0;0;1;1;0;0;0;1;0;0;1;0;1;0;0;0;0;0;1;0;0;1;1;1;0;0;0;143.731566666667
1;1;1;1;0;1;0;0;1;1;0;0;0;1;1;0;0;0;1;0;0;1;0;1;0;0;0;0;0;1;0;0;1;1;1;0;0;0;135.500033333333
1;1;1;1;0;1;1;0;0;1;1;0;0;0;1;0;0;0;1;0;0;1;0;0;1;0;0;0;0;1;0;0;1;1;1;0;0;0;133.416233333333
1;1;1;1;0;1;1;0;0;1;0;0;0;1;1;0;0;0;1;0;0;1;0;0;1;0;0;0;0;1;0;0;1;1;1;0;0;0;135.902933333333
1;1;1;1;0;1;0;1;0;1;0;0;0;1;1;0;0;0;1;0;0;1;0;0;1;0;0;0;0;1;0;0;1;1;1;0;0;0;136.723666666667
1;1;1;1;0;1;0;0;1;1;0;0;0;1;1;0;0;0;1;0;0;1;0;0;1;0;0;0;0;1;0;0;1;1;1;0;0;0;130.127633333333
1;1;1;1;0;1;1;0;0;1;1;0;0;0;1;0;0;0;1;0;0;1;0;0;0;1;0;0;0;1;0;0;1;1;1;0;0;0;129.264566666667
1;1;1;1;0;1;1;0;0;1;0;0;0;1;1;0;0;0;1;0;0;1;0;0;0;1;0;0;0;1;0;0;1;1;1;0;0;0;130.7544
1;1;1;1;0;1;0;1;0;1;0;0;0;1;1;0;0;0;1;0;0;1;0;0;0;1;0;0;0;1;0;0;1;1;1;0;0;0;128.562466666667
1;1;1;1;0;1;0;0;1;1;0;0;0;1;1;0;0;0;1;0;0;1;0;0;0;1;0;0;0;1;0;0;1;1;1;0;0;0;129.949133333333
1;1;1;1;0;1;1;0;0;1;1;0;0;0;1;0;0;0;1;0;0;1;0;0;0;0;1;0;0;1;0;0;1;1;1;0;0;0;128.3012
1;1;1;1;0;1;1;0;0;1;0;0;0;1;1;0;0;0;1;0;0;1;0;0;0;0;1;0;0;1;0;0;1;1;1;0;0;0;127.7031
1;1;1;1;0;1;0;1;0;1;0;0;0;1;1;0;0;0;1;0;0;1;0;0;0;0;1;0;0;1;0;0;1;1;1;0;0;0;129.348966666667
1;1;1;1;0;1;0;0;1;1;0;0;0;1;1;0;0;0;1;0;0;1;0;0;0;0;1;0;0;1;0;0;1;1;1;0;0;0;125.173166666667
1;1;1;1;0;1;1;0;0;1;1;0;0;0;1;0;0;0;1;0;0;1;0;0;0;0;0;1;0;1;0;0;1;1;1;0;0;0;130.654533333333
1;1;1;1;0;1;1;0;0;1;0;0;0;1;1;0;0;0;1;0;0;1;0;0;0;0;0;1;0;1;0;0;1;1;1;0;0;0;128.475966666667
1;1;1;1;0;1;0;1;0;1;0;0;0;1;1;0;0;0;1;0;0;1;0;0;0;0;0;1;0;1;0;0;1;1;1;0;0;0;130.0356
1;1;1;1;0;1;0;0;1;1;0;0;0;1;1;0;0;0;1;0;0;1;0;0;0;0;0;1;0;1;0;0;1;1;1;0;0;0;127.033633333333
1;1;1;1;0;1;1;0;0;1;1;0;0;0;1;0;0;0;1;0;0;1;0;0;0;0;0;0;1;1;0;0;1;1;1;0;0;0;126.9572
1;1;1;1;0;1;1;0;0;1;0;0;0;1;1;0;0;0;1;0;0;1;0;0;0;0;0;0;1;1;0;0;1;1;1;0;0;0;124.9072
1;1;1;1;0;1;0;1;0;1;0;0;0;1;1;0;0;0;1;0;0;1;0;0;0;0;0;0;1;1;0;0;1;1;1;0;0;0;123.603466666667
1;1;1;1;0;1;0;0;1;1;0;0;0;1;1;0;0;0;1;0;0;1;0;0;0;0;0;0;1;1;0;0;1;1;1;0;0;0;123.180833333333
1;1;0;0;1;1;1;0;0;1;1;0;0;0;1;1;0;0;0;0;0;1;0;0;0;0;0;0;1;1;1;0;0;1;1;0;0;0;28.7129333333333
1;1;0;0;1;1;0;1;0;1;1;0;0;0;1;1;0;0;0;0;0;1;0;0;0;0;0;0;1;1;1;0;0;1;1;0;0;0;29.9013333333333
1;1;0;0;1;1;0;0;1;1;1;0;0;0;1;1;0;0;0;0;0;1;0;0;0;0;0;0;1;1;1;0;0;1;1;0;0;0;30.3565
1;1;0;0;1;1;1;0;0;1;0;1;0;0;1;1;0;0;0;0;0;1;0;0;0;0;0;0;1;1;1;0;0;1;1;0;0;0;28.6546666666667
1;1;0;0;1;1;0;1;0;1;0;1;0;0;1;1;0;0;0;0;0;1;0;0;0;0;0;0;1;1;1;0;0;1;1;0;0;0;30.0862666666667
1;1;0;0;1;1;0;0;1;1;0;1;0;0;1;1;0;0;0;0;0;1;0;0;0;0;0;0;1;1;1;0;0;1;1;0;0;0;29.6441333333333
1;1;0;0;1;1;1;0;0;1;0;0;0;1;1;1;0;0;0;0;0;1;0;0;0;0;0;0;1;1;1;0;0;1;1;0;0;0;27.8020333333333
1;1;0;0;1;1;0;1;0;1;0;0;0;1;1;1;0;0;0;0;0;1;0;0;0;0;0;0;1;1;1;0;0;1;1;0;0;0;29.5017
1;1;0;0;1;1;0;0;1;1;0;0;0;1;1;1;0;0;0;0;0;1;0;0;0;0;0;0;1;1;1;0;0;1;1;0;0;0;31.4321666666667
1;1;0;0;1;1;1;0;0;1;1;0;0;0;1;0;1;0;0;0;0;1;0;0;0;0;0;0;1;1;1;0;0;1;1;0;0;0;33.0874666666667
1;1;0;0;1;1;0;1;0;1;1;0;0;0;1;0;1;0;0;0;0;1;0;0;0;0;0;0;1;1;1;0;0;1;1;0;0;0;32.4041333333333
1;1;0;0;1;1;0;0;1;1;1;0;0;0;1;0;1;0;0;0;0;1;0;0;0;0;0;0;1;1;1;0;0;1;1;0;0;0;34.3041666666667
1;1;0;0;1;1;1;0;0;1;0;1;0;0;1;0;1;0;0;0;0;1;0;0;0;0;0;0;1;1;1;0;0;1;1;0;0;0;35.3180666666667
1;1;0;0;1;1;0;1;0;1;0;1;0;0;1;0;1;0;0;0;0;1;0;0;0;0;0;0;1;1;1;0;0;1;1;0;0;0;34.6508
1;1;0;0;1;1;0;0;1;1;0;1;0;0;1;0;1;0;0;0;0;1;0;0;0;0;0;0;1;1;1;0;0;1;1;0;0;0;35.1962
1;1;0;0;1;1;1;0;0;1;0;0;0;1;1;0;1;0;0;0;0;1;0;0;0;0;0;0;1;1;1;0;0;1;1;0;0;0;33.6854666666667
1;1;0;0;1;1;0;1;0;1;0;0;0;1;1;0;1;0;0;0;0;1;0;0;0;0;0;0;1;1;1;0;0;1;1;0;0;0;34.2400333333333
1;1;0;0;1;1;0;0;1;1;0;0;0;1;1;0;1;0;0;0;0;1;0;0;0;0;0;0;1;1;1;0;0;1;1;0;0;0;34.5066666666667
1;1;0;0;1;1;1;0;0;1;1;0;0;0;1;0;0;1;0;0;0;1;0;0;0;0;0;0;1;1;1;0;0;1;1;0;0;0;30.1636
1;1;0;0;1;1;0;1;0;1;1;0;0;0;1;0;0;1;0;0;0;1;0;0;0;0;0;0;1;1;1;0;0;1;1;0;0;0;29.2006666666667
1;1;0;0;1;1;0;0;1;1;1;0;0;0;1;0;0;1;0;0;0;1;0;0;0;0;0;0;1;1;1;0;0;1;1;0;0;0;30.1427333333333
1;1;0;0;1;1;1;0;0;1;0;1;0;0;1;0;0;1;0;0;0;1;0;0;0;0;0;0;1;1;1;0;0;1;1;0;0;0;30.1157333333333
1;1;0;0;1;1;0;1;0;1;0;1;0;0;1;0;0;1;0;0;0;1;0;0;0;0;0;0;1;1;1;0;0;1;1;0;0;0;30.1993
1;1;0;0;1;1;0;0;1;1;0;1;0;0;1;0;0;1;0;0;0;1;0;0;0;0;0;0;1;1;1;0;0;1;1;0;0;0;29.38
1;1;0;0;1;1;1;0;0;1;0;0;0;1;1;0;0;1;0;0;0;1;0;0;0;0;0;0;1;1;1;0;0;1;1;0;0;0;26.6092333333333
1;1;0;0;1;1;0;1;0;1;0;0;0;1;1;0;0;1;0;0;0;1;0;0;0;0;0;0;1;1;1;0;0;1;1;0;0;0;28.4756666666667
1;1;0;0;1;1;0;0;1;1;0;0;0;1;1;0;0;1;0;0;0;1;0;0;0;0;0;0;1;1;1;0;0;1;1;0;0;0;29.2542
1;1;0;0;1;1;0;1;0;1;0;1;0;0;1;0;0;0;1;0;0;1;0;0;0;0;0;0;1;1;1;0;0;1;1;0;0;0;27.3718666666667
1;1;0;0;1;1;1;0;0;1;1;0;0;0;1;0;0;0;0;0;1;1;0;0;0;0;0;0;1;1;1;0;0;1;1;0;0;0;97.0030666666667
1;1;0;0;1;1;0;1;0;1;1;0;0;0;1;0;0;0;0;0;1;1;0;0;0;0;0;0;1;1;1;0;0;1;1;0;0;0;100.717733333333
1;1;0;0;1;1;0;0;1;1;1;0;0;0;1;0;0;0;0;0;1;1;0;0;0;0;0;0;1;1;1;0;0;1;1;0;0;0;96.6386333333333
1;1;0;0;1;1;1;0;0;1;0;1;0;0;1;0;0;0;0;0;1;1;0;0;0;0;0;0;1;1;1;0;0;1;1;0;0;0;92.6729666666667
1;1;0;0;1;1;0;1;0;1;0;1;0;0;1;0;0;0;0;0;1;1;0;0;0;0;0;0;1;1;1;0;0;1;1;0;0;0;96.1339666666667
1;1;0;0;1;1;0;0;1;1;0;1;0;0;1;0;0;0;0;0;1;1;0;0;0;0;0;0;1;1;1;0;0;1;1;0;0;0;94.2314666666667
1;1;0;0;1;1;1;0;0;1;0;0;0;1;1;0;0;0;0;0;1;1;0;0;0;0;0;0;1;1;1;0;0;1;1;0;0;0;96.7504666666667
1;1;0;0;1;1;0;1;0;1;0;0;0;1;1;0;0;0;0;0;1;1;0;0;0;0;0;0;1;1;1;0;0;1;1;0;0;0;95.7951666666667
1;1;0;0;1;1;0;0;1;1;0;0;0;1;1;0;0;0;0;0;1;1;0;0;0;0;0;0;1;1;1;0;0;1;1;0;0;0;96.8353666666666
1;1;0;0;1;1;1;0;0;1;1;0;0;0;1;1;0;0;0;0;0;1;0;0;0;0;0;0;1;1;1;0;0;1;0;0;1;0;28.7015666666667
1;1;0;0;1;1;0;1;0;1;1;0;0;0;1;1;0;0;0;0;0;1;0;0;0;0;0;0;1;1;1;0;0;1;0;0;1;0;28.4729
1;1;0;0;1;1;0;0;1;1;1;0;0;0;1;1;0;0;0;0;0;1;0;0;0;0;0;0;1;1;1;0;0;1;0;0;1;0;28.8326
1;1;0;0;1;1;1;0;0;1;0;1;0;0;1;1;0;0;0;0;0;1;0;0;0;0;0;0;1;1;1;0;0;1;0;0;1;0;28.5188333333333
1;1;0;0;1;1;0;1;0;1;0;1;0;0;1;1;0;0;0;0;0;1;0;0;0;0;0;0;1;1;1;0;0;1;0;0;1;0;28.4972333333333
1;1;0;0;1;1;0;0;1;1;0;1;0;0;1;1;0;0;0;0;0;1;0;0;0;0;0;0;1;1;1;0;0;1;0;0;1;0;27.3880666666667
1;1;0;0;1;1;1;0;0;1;0;0;0;1;1;1;0;0;0;0;0;1;0;0;0;0;0;0;1;1;1;0;0;1;0;0;1;0;28.3410333333333
1;1;0;0;1;1;0;1;0;1;0;0;0;1;1;1;0;0;0;0;0;1;0;0;0;0;0;0;1;1;1;0;0;1;0;0;1;0;28.8618
1;1;0;0;1;1;0;0;1;1;0;0;0;1;1;1;0;0;0;0;0;1;0;0;0;0;0;0;1;1;1;0;0;1;0;0;1;0;27.9327666666667
1;1;0;0;1;1;1;0;0;1;1;0;0;0;1;0;1;0;0;0;0;1;0;0;0;0;0;0;1;1;1;0;0;1;0;0;1;0;33.4756333333333
1;1;0;0;1;1;0;1;0;1;1;0;0;0;1;0;1;0;0;0;0;1;0;0;0;0;0;0;1;1;1;0;0;1;0;0;1;0;35.2553
1;1;0;0;1;1;0;0;1;1;1;0;0;0;1;0;1;0;0;0;0;1;0;0;0;0;0;0;1;1;1;0;0;1;0;0;1;0;34.2705
1;1;0;0;1;1;1;0;0;1;0;1;0;0;1;0;1;0;0;0;0;1;0;0;0;0;0;0;1;1;1;0;0;1;0;0;1;0;33.1644666666667
1;1;0;0;1;1;0;1;0;1;0;1;0;0;1;0;1;0;0;0;0;1;0;0;0;0;0;0;1;1;1;0;0;1;0;0;1;0;34.6162
1;1;0;0;1;1;0;0;1;1;0;1;0;0;1;0;1;0;0;0;0;1;0;0;0;0;0;0;1;1;1;0;0;1;0;0;1;0;34.1606333333333
1;1;0;0;1;1;1;0;0;1;0;0;0;1;1;0;1;0;0;0;0;1;0;0;0;0;0;0;1;1;1;0;0;1;0;0;1;0;32.7045666666667
1;1;0;0;1;1;0;1;0;1;0;0;0;1;1;0;1;0;0;0;0;1;0;0;0;0;0;0;1;1;1;0;0;1;0;0;1;0;34.0467333333333
1;1;0;0;1;1;0;0;1;1;0;0;0;1;1;0;1;0;0;0;0;1;0;0;0;0;0;0;1;1;1;0;0;1;0;0;1;0;35.0609
1;1;0;0;1;1;1;0;0;1;1;0;0;0;1;0;0;1;0;0;0;1;0;0;0;0;0;0;1;1;1;0;0;1;0;0;1;0;29.4496666666667
1;1;0;0;1;1;0;1;0;1;1;0;0;0;1;0;0;1;0;0;0;1;0;0;0;0;0;0;1;1;1;0;0;1;0;0;1;0;29.0302333333333
1;1;0;0;1;1;0;0;1;1;1;0;0;0;1;0;0;1;0;0;0;1;0;0;0;0;0;0;1;1;1;0;0;1;0;0;1;0;30.4528666666667
1;1;0;0;1;1;1;0;0;1;0;1;0;0;1;0;0;1;0;0;0;1;0;0;0;0;0;0;1;1;1;0;0;1;0;0;1;0;28.5544666666667
1;1;0;0;1;1;0;1;0;1;0;1;0;0;1;0;0;1;0;0;0;1;0;0;0;0;0;0;1;1;1;0;0;1;0;0;1;0;29.5137
1;1;0;0;1;1;0;0;1;1;0;1;0;0;1;0;0;1;0;0;0;1;0;0;0;0;0;0;1;1;1;0;0;1;0;0;1;0;32.3704
1;1;0;0;1;1;1;0;0;1;0;0;0;1;1;0;0;1;0;0;0;1;0;0;0;0;0;0;1;1;1;0;0;1;0;0;1;0;29.0334333333333
1;1;0;0;1;1;0;1;0;1;0;0;0;1;1;0;0;1;0;0;0;1;0;0;0;0;0;0;1;1;1;0;0;1;0;0;1;0;29.8377666666667
1;1;0;0;1;1;0;0;1;1;0;0;0;1;1;0;0;1;0;0;0;1;0;0;0;0;0;0;1;1;1;0;0;1;0;0;1;0;30.6278333333333
1;1;0;0;1;1;0;1;0;1;0;1;0;0;1;0;0;0;1;0;0;1;0;0;0;0;0;0;1;1;1;0;0;1;0;0;1;0;27.4268333333333
1;1;0;0;1;1;1;0;0;1;1;0;0;0;1;0;0;0;0;0;1;1;0;0;0;0;0;0;1;1;1;0;0;1;0;0;1;0;86.8991666666667
1;1;0;0;1;1;0;1;0;1;1;0;0;0;1;0;0;0;0;0;1;1;0;0;0;0;0;0;1;1;1;0;0;1;0;0;1;0;99.3570333333333
1;1;0;0;1;1;0;0;1;1;1;0;0;0;1;0;0;0;0;0;1;1;0;0;0;0;0;0;1;1;1;0;0;1;0;0;1;0;98.7209333333333
1;1;0;0;1;1;1;0;0;1;0;1;0;0;1;0;0;0;0;0;1;1;0;0;0;0;0;0;1;1;1;0;0;1;0;0;1;0;94.5248666666667
1;1;0;0;1;1;0;1;0;1;0;1;0;0;1;0;0;0;0;0;1;1;0;0;0;0;0;0;1;1;1;0;0;1;0;0;1;0;96.4963333333333
1;1;0;0;1;1;0;0;1;1;0;1;0;0;1;0;0;0;0;0;1;1;0;0;0;0;0;0;1;1;1;0;0;1;0;0;1;0;95.7043333333333
1;1;0;0;1;1;1;0;0;1;0;0;0;1;1;0;0;0;0;0;1;1;0;0;0;0;0;0;1;1;1;0;0;1;0;0;1;0;100.21242
1;1;0;0;1;1;0;1;0;1;0;0;0;1;1;0;0;0;0;0;1;1;0;0;0;0;0;0;1;1;1;0;0;1;0;0;1;0;98.1994666666667
1;1;0;0;1;1;0;0;1;1;0;0;0;1;1;0;0;0;0;0;1;1;0;0;0;0;0;0;1;1;1;0;0;1;0;0;1;0;96.0243333333333
1;1;1;1;1;1;0;1;0;1;0;0;1;0;1;0;0;1;0;0;0;1;0;0;1;0;0;0;0;1;1;0;0;1;0;0;0;1;70.4126
1;1;1;1;1;1;1;0;0;1;0;0;1;0;1;0;0;0;0;1;0;1;0;0;1;0;0;0;0;1;1;0;0;1;0;0;0;1;180.067066666667
1;1;1;1;1;1;0;1;0;1;0;0;1;0;1;0;0;0;0;1;0;1;0;0;1;0;0;0;0;1;1;0;0;1;0;0;0;1;186.1893
1;1;1;1;1;1;0;0;1;1;0;0;1;0;1;0;0;0;0;1;0;1;0;0;1;0;0;0;0;1;1;0;0;1;0;0;0;1;180.082033333333
1;1;1;1;1;1;1;0;0;1;0;0;0;1;1;0;0;0;0;1;0;1;0;0;1;0;0;0;0;1;1;0;0;1;0;0;0;1;182.767233333333
1;1;1;1;1;1;0;1;0;1;0;0;0;1;1;0;0;0;0;1;0;1;0;0;1;0;0;0;0;1;1;0;0;1;0;0;0;1;181.878166666667
1;1;1;1;1;1;0;0;1;1;0;0;0;1;1;0;0;0;0;1;0;1;0;0;1;0;0;0;0;1;1;0;0;1;0;0;0;1;177.619366666667
1;1;1;1;1;1;1;0;0;1;0;0;1;0;1;0;1;0;0;0;0;1;0;0;0;1;0;0;0;1;1;0;0;1;0;0;0;1;37.3697333333333
1;1;1;1;1;1;0;1;0;1;0;0;1;0;1;0;1;0;0;0;0;1;0;0;0;1;0;0;0;1;1;0;0;1;0;0;0;1;40.1382333333333
1;1;1;1;1;1;0;0;1;1;0;0;1;0;1;0;1;0;0;0;0;1;0;0;0;1;0;0;0;1;1;0;0;1;0;0;0;1;41.4222333333333
1;1;1;1;1;1;1;0;0;1;0;0;0;1;1;0;1;0;0;0;0;1;0;0;0;1;0;0;0;1;1;0;0;1;0;0;0;1;37.6153
1;1;1;1;1;1;0;1;0;1;0;0;0;1;1;0;1;0;0;0;0;1;0;0;0;1;0;0;0;1;1;0;0;1;0;0;0;1;42.0958
1;1;1;1;1;1;0;0;1;1;0;0;0;1;1;0;1;0;0;0;0;1;0;0;0;1;0;0;0;1;1;0;0;1;0;0;0;1;41.5394333333333
1;1;1;1;1;1;1;0;0;1;0;0;1;0;1;0;0;1;0;0;0;1;0;0;0;1;0;0;0;1;1;0;0;1;0;0;0;1;75.1146666666667
1;1;1;1;1;1;0;1;0;1;0;0;1;0;1;0;0;1;0;0;0;1;0;0;0;1;0;0;0;1;1;0;0;1;0;0;0;1;73.4261666666667
1;1;1;1;1;1;0;0;1;1;0;0;1;0;1;0;0;1;0;0;0;1;0;0;0;1;0;0;0;1;1;0;0;1;0;0;0;1;72.2511333333333
1;1;1;1;1;1;1;0;0;1;0;0;0;1;1;0;0;1;0;0;0;1;0;0;0;1;0;0;0;1;1;0;0;1;0;0;0;1;75.3086
1;1;1;1;1;1;0;1;0;1;0;0;0;1;1;0;0;1;0;0;0;1;0;0;0;1;0;0;0;1;1;0;0;1;0;0;0;1;74.5639333333333
1;1;1;1;1;1;0;0;1;1;0;0;0;1;1;0;0;1;0;0;0;1;0;0;0;1;0;0;0;1;1;0;0;1;0;0;0;1;72.7367333333333
1;1;1;1;1;1;1;0;0;1;0;0;1;0;1;0;0;0;1;0;0;1;0;0;0;1;0;0;0;1;1;0;0;1;0;0;0;1;135.6727
1;1;1;1;1;1;0;1;0;1;0;0;1;0;1;0;0;0;1;0;0;1;0;0;0;1;0;0;0;1;1;0;0;1;0;0;0;1;135.4114
1;1;1;1;1;1;0;0;1;1;0;0;1;0;1;0;0;0;1;0;0;1;0;0;0;1;0;0;0;1;1;0;0;1;0;0;0;1;129.3232
1;1;1;1;1;1;1;0;0;1;0;0;0;1;1;0;0;0;1;0;0;1;0;0;0;1;0;0;0;1;1;0;0;1;0;0;0;1;136.576
1;1;1;1;1;1;0;1;0;1;0;0;0;1;1;0;0;0;1;0;0;1;0;0;0;1;0;0;0;1;1;0;0;1;0;0;0;1;135.698466666667
1;1;1;1;1;1;0;0;1;1;0;0;0;1;1;0;0;0;1;0;0;1;0;0;0;1;0;0;0;1;1;0;0;1;0;0;0;1;129.247033333333
1;1;1;1;1;1;1;0;0;1;0;0;1;0;1;0;0;0;0;1;0;1;0;0;0;1;0;0;0;1;1;0;0;1;0;0;0;1;171.1567
1;1;1;1;1;1;0;1;0;1;0;0;1;0;1;0;0;0;0;1;0;1;0;0;0;1;0;0;0;1;1;0;0;1;0;0;0;1;171.3402
1;1;1;1;1;1;0;0;1;1;0;0;1;0;1;0;0;0;0;1;0;1;0;0;0;1;0;0;0;1;1;0;0;1;0;0;0;1;170.180133333333
1;1;1;1;1;1;1;0;0;1;0;0;0;1;1;0;0;0;0;1;0;1;0;0;0;1;0;0;0;1;1;0;0;1;0;0;0;1;173.659633333333
1;1;1;1;1;1;0;1;0;1;0;0;0;1;1;0;0;0;0;1;0;1;0;0;0;1;0;0;0;1;1;0;0;1;0;0;0;1;174.421466666667
1;1;1;1;1;1;0;0;1;1;0;0;0;1;1;0;0;0;0;1;0;1;0;0;0;1;0;0;0;1;1;0;0;1;0;0;0;1;172.1945
1;1;1;1;1;1;1;0;0;1;0;0;1;0;1;0;0;0;0;0;1;1;0;0;0;1;0;0;0;1;1;0;0;1;0;0;0;1;252.4955
1;1;1;1;1;1;0;1;0;1;0;0;1;0;1;0;0;0;0;0;1;1;0;0;0;1;0;0;0;1;1;0;0;1;0;0;0;1;251.4412
1;1;1;1;1;1;0;0;1;1;0;0;1;0;1;0;0;0;0;0;1;1;0;0;0;1;0;0;0;1;1;0;0;1;0;0;0;1;258.7214
1;1;1;1;1;1;1;0;0;1;0;0;0;1;1;0;0;0;0;0;1;1;0;0;0;1;0;0;0;1;1;0;0;1;0;0;0;1;251.423933333333
1;1;1;1;1;1;0;1;0;1;0;0;0;1;1;0;0;0;0;0;1;1;0;0;0;1;0;0;0;1;1;0;0;1;0;0;0;1;254.360433333333
1;1;1;1;1;1;0;0;1;1;0;0;0;1;1;0;0;0;0;0;1;1;0;0;0;1;0;0;0;1;1;0;0;1;0;0;0;1;259.309566666667
1;1;1;1;1;1;0;1;0;1;0;0;1;0;1;0;0;1;0;0;0;1;0;0;1;0;0;0;0;1;0;0;1;1;0;0;0;1;70.7073
1;1;1;1;1;1;0;1;0;1;0;0;0;1;1;0;0;1;0;0;0;1;0;0;1;0;0;0;0;1;0;0;1;1;0;0;0;1;70.554
1;1;1;1;1;1;1;0;0;1;0;0;1;0;1;0;0;0;0;1;0;1;0;0;1;0;0;0;0;1;0;0;1;1;0;0;0;1;177.578433333333
1;1;1;1;1;1;0;1;0;1;0;0;1;0;1;0;0;0;0;1;0;1;0;0;1;0;0;0;0;1;0;0;1;1;0;0;0;1;179.964366666667
1;1;1;1;1;1;0;0;1;1;0;0;1;0;1;0;0;0;0;1;0;1;0;0;1;0;0;0;0;1;0;0;1;1;0;0;0;1;182.377066666667
1;1;1;1;1;1;1;0;0;1;0;0;0;1;1;0;0;0;0;1;0;1;0;0;1;0;0;0;0;1;0;0;1;1;0;0;0;1;177.681733333333
1;1;1;1;1;1;0;1;0;1;0;0;0;1;1;0;0;0;0;1;0;1;0;0;1;0;0;0;0;1;0;0;1;1;0;0;0;1;180.6336
1;1;1;1;1;1;0;0;1;1;0;0;0;1;1;0;0;0;0;1;0;1;0;0;1;0;0;0;0;1;0;0;1;1;0;0;0;1;180.692533333333
1;1;1;1;1;1;1;0;0;1;0;0;1;0;1;0;1;0;0;0;0;1;0;0;0;1;0;0;0;1;0;0;1;1;0;0;0;1;38.5767333333333
1;1;1;1;1;1;0;1;0;1;0;0;1;0;1;0;1;0;0;0;0;1;0;0;0;1;0;0;0;1;0;0;1;1;0;0;0;1;42.2807
1;1;1;1;1;1;0;0;1;1;0;0;1;0;1;0;1;0;0;0;0;1;0;0;0;1;0;0;0;1;0;0;1;1;0;0;0;1;44.5979333333333
1;1;1;1;1;1;1;0;0;1;0;0;0;1;1;0;1;0;0;0;0;1;0;0;0;1;0;0;0;1;0;0;1;1;0;0;0;1;39.3568666666667
1;1;1;1;1;1;0;1;0;1;0;0;0;1;1;0;1;0;0;0;0;1;0;0;0;1;0;0;0;1;0;0;1;1;0;0;0;1;42.8912333333333
1;1;1;1;1;1;0;0;1;1;0;0;0;1;1;0;1;0;0;0;0;1;0;0;0;1;0;0;0;1;0;0;1;1;0;0;0;1;43.1879
1;1;1;1;1;1;1;0;0;1;0;0;1;0;1;0;0;1;0;0;0;1;0;0;0;1;0;0;0;1;0;0;1;1;0;0;0;1;75.8689333333333
1;1;1;1;1;1;0;1;0;1;0;0;1;0;1;0;0;1;0;0;0;1;0;0;0;1;0;0;0;1;0;0;1;1;0;0;0;1;71.9175666666667
1;1;1;1;1;1;0;0;1;1;0;0;1;0;1;0;0;1;0;0;0;1;0;0;0;1;0;0;0;1;0;0;1;1;0;0;0;1;68.7583
1;1;1;1;1;1;1;0;0;1;0;0;0;1;1;0;0;1;0;0;0;1;0;0;0;1;0;0;0;1;0;0;1;1;0;0;0;1;77.7669
1;1;1;1;1;1;0;1;0;1;0;0;0;1;1;0;0;1;0;0;0;1;0;0;0;1;0;0;0;1;0;0;1;1;0;0;0;1;74.7521
1;1;1;1;1;1;0;0;1;1;0;0;0;1;1;0;0;1;0;0;0;1;0;0;0;1;0;0;0;1;0;0;1;1;0;0;0;1;70.1446333333333
1;1;1;1;1;1;1;0;0;1;0;0;1;0;1;0;0;0;1;0;0;1;0;0;0;1;0;0;0;1;0;0;1;1;0;0;0;1;134.285566666667
1;1;1;1;1;1;0;1;0;1;0;0;1;0;1;0;0;0;1;0;0;1;0;0;0;1;0;0;0;1;0;0;1;1;0;0;0;1;135.572066666667
1;1;1;1;1;1;0;0;1;1;0;0;1;0;1;0;0;0;1;0;0;1;0;0;0;1;0;0;0;1;0;0;1;1;0;0;0;1;136.369166666667
1;1;1;1;1;1;1;0;0;1;0;0;0;1;1;0;0;0;1;0;0;1;0;0;0;1;0;0;0;1;0;0;1;1;0;0;0;1;138.618766666667
1;1;1;1;1;1;0;1;0;1;0;0;0;1;1;0;0;0;1;0;0;1;0;0;0;1;0;0;0;1;0;0;1;1;0;0;0;1;138.957333333333
1;1;1;1;1;1;0;0;1;1;0;0;0;1;1;0;0;0;1;0;0;1;0;0;0;1;0;0;0;1;0;0;1;1;0;0;0;1;132.054566666667
1;1;1;1;1;1;1;0;0;1;0;0;1;0;1;0;0;0;0;1;0;1;0;0;0;1;0;0;0;1;0;0;1;1;0;0;0;1;169.7989
1;1;1;1;1;1;0;1;0;1;0;0;1;0;1;0;0;0;0;1;0;1;0;0;0;1;0;0;0;1;0;0;1;1;0;0;0;1;173.153166666667
1;1;1;1;1;1;0;0;1;1;0;0;1;0;1;0;0;0;0;1;0;1;0;0;0;1;0;0;0;1;0;0;1;1;0;0;0;1;168.824733333333
1;1;1;1;1;1;1;0;0;1;0;0;0;1;1;0;0;0;0;1;0;1;0;0;0;1;0;0;0;1;0;0;1;1;0;0;0;1;169.1314
1;1;1;1;1;1;0;1;0;1;0;0;0;1;1;0;0;0;0;1;0;1;0;0;0;1;0;0;0;1;0;0;1;1;0;0;0;1;175.9467
1;1;1;1;1;1;0;0;1;1;0;0;0;1;1;0;0;0;0;1;0;1;0;0;0;1;0;0;0;1;0;0;1;1;0;0;0;1;172.7579
1;1;1;1;1;1;1;0;0;1;0;0;1;0;1;0;0;0;0;0;1;1;0;0;0;1;0;0;0;1;0;0;1;1;0;0;0;1;250.609
1;1;1;1;1;1;0;1;0;1;0;0;1;0;1;0;0;0;0;0;1;1;0;0;0;1;0;0;0;1;0;0;1;1;0;0;0;1;259.440866666667
1;1;1;1;1;1;0;0;1;1;0;0;1;0;1;0;0;0;0;0;1;1;0;0;0;1;0;0;0;1;0;0;1;1;0;0;0;1;253.677366666667
1;1;1;1;1;1;1;0;0;1;0;0;0;1;1;0;0;0;0;0;1;1;0;0;0;1;0;0;0;1;0;0;1;1;0;0;0;1;252.293366666667
1;1;1;1;1;1;0;1;0;1;0;0;0;1;1;0;0;0;0;0;1;1;0;0;0;1;0;0;0;1;0;0;1;1;0;0;0;1;248.9026
1;1;1;1;1;1;0;0;1;1;0;0;0;1;1;0;0;0;0;0;1;1;0;0;0;1;0;0;0;1;0;0;1;1;0;0;0;1;254.512666666667
