root;HAVE_CRYPTO;HAVE_HASH;HAVE_REPLICATION;HAVE_VERIFY;HAVE_SEQUENCE;HAVE_STATISTICS;DIAGNOSTIC;PAGESIZE;PS1K;PS4K;PS8K;PS16K;PS32K;CACHESIZE;CS32MB;CS16MB;CS64MB;CS512MB;Performance
1;0;0;0;0;0;0;0;1;1;0;0;0;0;1;1;0;0;0;0.502896333333333
1;1;1;0;1;1;0;0;1;1;0;0;0;0;1;1;0;0;0;2.03291538461538
1;0;1;1;1;1;1;1;1;0;1;0;0;0;1;1;0;0;0;0.53221558974359
1;1;1;1;1;1;1;1;1;0;1;0;0;0;1;1;0;0;0;5.84551712820513
1;0;0;0;0;0;0;0;1;0;0;1;0;0;1;0;0;0;1;0.478544333333333
1;0;1;0;0;0;0;0;1;0;0;1;0;0;1;0;0;0;1;0.75464147368421
1;0;1;1;0;0;0;0;1;0;0;1;0;0;1;0;0;0;1;0.751386666666667
1;0;0;0;1;0;0;0;1;0;0;1;0;0;1;0;0;0;1;0.510615487179487
1;0;1;1;1;0;0;0;1;0;0;1;0;0;1;0;0;0;1;0.74202382051282
1;1;1;1;1;0;0;0;1;0;0;1;0;0;1;0;0;0;1;10.9054147631579
1;0;0;0;0;0;1;0;1;0;0;1;0;0;1;0;0;0;1;0.502242282051282
1;1;1;1;1;0;1;1;1;0;0;1;0;0;1;0;0;0;1;10.890371025641
1;1;1;1;0;1;0;0;1;0;0;1;0;0;1;0;0;0;1;10.9093486578947
1;0;1;1;0;0;0;0;1;1;0;0;0;0;1;1;0;0;0;0.366015631578947
1;1;0;1;1;1;0;0;1;0;0;1;0;0;1;0;0;0;1;10.7331582051282
1;0;1;1;1;1;0;0;1;0;0;1;0;0;1;0;0;0;1;0.748330868421053
1;1;1;0;1;1;0;0;1;0;0;1;0;0;1;0;0;0;1;10.9013821081081
1;1;1;1;1;1;0;1;1;0;0;1;0;0;1;0;0;0;1;10.9039715
1;1;1;1;0;1;1;1;1;0;0;1;0;0;1;0;0;0;1;10.9228429459459
1;1;1;0;1;1;1;1;1;0;0;1;0;0;1;0;0;0;1;10.9232195641026
1;1;0;1;1;1;1;1;1;0;0;1;0;0;1;0;0;0;1;10.729516
1;0;1;1;1;1;1;0;1;0;0;1;0;0;1;0;0;0;1;0.749623897435897
1;1;0;1;1;1;0;0;1;1;0;0;0;0;1;1;0;0;0;3.23279905128205
1;0;1;1;1;1;1;1;1;0;0;1;0;0;1;0;0;0;1;0.753422184210526
1;1;1;1;1;1;1;0;1;0;0;1;0;0;1;0;0;0;1;10.911433
1;1;1;1;1;1;1;1;1;0;0;1;0;0;1;0;0;0;1;10.9074773947368
1;0;0;0;0;0;0;0;1;0;0;1;0;0;1;1;0;0;0;0.482040052631579
1;0;1;0;0;0;0;0;1;0;0;1;0;0;1;1;0;0;0;0.749533179487179
1;0;1;1;0;0;0;0;1;0;0;1;0;0;1;1;0;0;0;0.752133743589744
1;0;0;0;1;0;0;0;1;0;0;1;0;0;1;1;0;0;0;0.513024263157895
1;0;1;1;1;0;0;0;1;0;0;1;0;0;1;1;0;0;0;0.752175923076923
1;1;1;1;1;0;0;0;1;0;0;1;0;0;1;1;0;0;0;10.9025615641026
1;1;1;1;0;1;0;0;1;0;0;1;0;0;1;1;0;0;0;10.9130264615385
1;1;1;0;1;1;0;0;1;0;0;1;0;0;1;1;0;0;0;10.8993860263158
1;0;1;1;1;1;0;0;1;1;0;0;0;0;1;1;0;0;0;0.362926205128205
1;1;0;1;1;1;0;0;1;0;0;1;0;0;1;1;0;0;0;10.7313448205128
1;0;1;1;1;1;0;0;1;0;0;1;0;0;1;1;0;0;0;0.749269076923077
1;0;1;1;1;1;1;0;1;0;0;1;0;0;1;1;0;0;0;0.751130743589744
1;0;1;1;1;1;1;0;1;1;0;0;0;0;1;1;0;0;0;0.373442538461538
1;0;1;1;1;1;1;1;1;1;0;0;0;0;1;1;0;0;0;0.40187802631579
1;0;1;1;1;1;0;1;1;0;0;1;0;0;1;1;0;0;0;0.776519846153846
1;0;0;1;1;1;1;1;1;0;0;1;0;0;1;1;0;0;0;0.520984358974359
1;0;1;1;1;0;1;1;1;0;0;1;0;0;1;1;0;0;0;0.754704487179487
1;0;1;1;1;1;1;1;1;0;0;1;0;0;1;1;0;0;0;0.759354820512821
1;1;1;1;1;1;1;1;1;1;0;0;0;0;1;1;0;0;0;2.07724035897436
1;1;1;1;1;1;1;1;1;0;0;1;0;0;1;1;0;0;0;10.9305218421053
1;0;0;0;0;0;0;0;1;0;0;1;0;0;1;0;1;0;0;0.485591615384615
1;0;1;0;0;0;0;0;1;0;0;1;0;0;1;0;1;0;0;0.753564461538461
1;0;1;1;0;0;0;0;1;0;0;1;0;0;1;0;1;0;0;0.752372692307692
1;0;0;0;1;0;0;0;1;0;0;1;0;0;1;0;1;0;0;0.512697487179487
1;0;1;1;1;0;0;0;1;0;0;1;0;0;1;0;1;0;0;0.749137894736842
1;0;0;0;0;0;1;0;1;0;0;1;0;0;1;0;1;0;0;0.508784916666666
1;0;0;0;0;0;0;0;1;1;0;0;0;0;1;0;1;0;0;0.5044075
1;1;1;1;1;0;0;0;1;0;0;1;0;0;1;0;1;0;0;10.9280711282051
1;0;1;0;0;0;0;0;1;1;0;0;0;0;1;0;1;0;0;0.368129487179487
1;1;1;1;1;0;1;1;1;0;0;1;0;0;1;0;1;0;0;10.9242088947368
1;0;1;1;1;1;0;0;1;0;0;1;0;0;1;0;1;0;0;0.747544923076923
1;0;1;1;1;1;1;0;1;0;0;1;0;0;1;0;1;0;0;0.750832025641025
1;1;1;1;0;1;0;0;1;0;0;1;0;0;1;0;1;0;0;10.9251428947368
1;1;1;0;1;1;0;0;1;0;0;1;0;0;1;0;1;0;0;10.9213985897436
1;1;0;1;1;1;0;0;1;0;0;1;0;0;1;0;1;0;0;10.7379424102564
1;1;1;1;1;1;1;0;1;0;0;1;0;0;1;0;1;0;0;10.9363107631579
1;0;1;1;0;0;0;0;1;1;0;0;0;0;1;0;1;0;0;0.367106076923077
1;1;1;1;0;0;0;0;1;1;0;0;0;0;1;1;0;0;0;2.0421112051282
1;1;1;0;1;1;1;1;1;0;0;1;0;0;1;0;1;0;0;10.9241751794872
1;0;1;1;1;1;1;1;1;0;0;1;0;0;1;0;1;0;0;0.757554358974359
1;1;1;1;1;1;1;1;1;0;0;1;0;0;1;0;1;0;0;10.9168642368421
1;0;0;0;0;0;0;0;1;0;0;1;0;0;1;0;0;1;0;0.480289820512821
1;0;0;0;1;0;0;0;1;0;0;1;0;0;1;0;0;1;0;0.511676315789474
1;0;0;0;0;0;1;0;1;0;0;1;0;0;1;0;0;1;0;0.500653205128205
1;1;1;1;0;0;0;0;1;1;0;0;0;0;1;0;1;0;0;2.04363276923077
1;0;0;1;1;1;1;1;1;0;0;1;0;0;1;0;0;1;0;0.520384974358974
1;0;1;0;0;0;0;0;1;0;0;1;0;0;1;0;0;1;0;0.750865128205128
1;0;1;1;0;0;0;0;1;0;0;1;0;0;1;0;0;1;0;0.743481657894737
1;0;1;1;1;0;0;0;1;0;0;1;0;0;1;0;0;1;0;0.748520210526316
1;0;0;0;1;0;0;0;1;1;0;0;0;0;1;0;1;0;0;0.534583358974359
1;0;1;1;1;1;0;0;1;0;0;1;0;0;1;0;0;1;0;0.748157871794872
1;0;1;1;1;1;1;0;1;0;0;1;0;0;1;0;0;1;0;0.754564153846154
1;0;1;1;1;1;0;1;1;0;0;1;0;0;1;0;0;1;0;0.775283282051282
1;0;1;1;0;1;1;1;1;0;0;1;0;0;1;0;0;1;0;0.759668717948718
1;0;1;0;1;1;1;1;1;0;0;1;0;0;1;0;0;1;0;0.756648282051282
1;0;1;1;1;0;1;1;1;0;0;1;0;0;1;0;0;1;0;0.749568743589744
1;0;1;1;1;1;1;1;1;0;0;1;0;0;1;0;0;1;0;0.752955763157895
1;0;0;1;1;0;0;0;1;1;0;0;0;0;1;0;1;0;0;0.527254487179487
1;1;1;1;1;0;0;0;1;0;0;1;0;0;1;0;0;1;0;10.9128817948718
1;1;0;1;1;0;0;0;1;1;0;0;0;0;1;0;1;0;0;3.22513902564103
1;1;0;1;1;1;0;0;1;0;0;1;0;0;1;0;0;1;0;10.7587891842105
1;1;1;1;0;1;0;0;1;0;0;1;0;0;1;0;0;1;0;10.9351901842105
1;1;1;0;1;1;0;0;1;0;0;1;0;0;1;0;0;1;0;10.9005768461538
1;1;1;1;1;1;1;1;1;0;0;1;0;0;1;0;0;1;0;10.928463051282
1;0;0;0;0;0;0;0;1;0;0;0;1;0;1;0;1;0;0;0.617643846153846
1;0;1;1;0;0;0;0;1;0;0;0;1;0;1;0;1;0;0;1.26100805405405
1;0;0;1;1;0;0;0;1;0;0;0;1;0;1;0;1;0;0;0.630553794871795
1;0;1;0;1;0;0;0;1;0;0;0;1;0;1;0;1;0;0;1.25427547368421
1;0;1;1;1;0;0;0;1;0;0;0;1;0;1;0;1;0;0;1.24267964102564
1;0;1;1;1;0;0;0;1;1;0;0;0;0;1;0;1;0;0;0.355221461538462
1;0;1;1;1;0;1;1;1;0;0;0;1;0;1;0;1;0;0;1.25543302631579
1;1;1;0;1;0;0;0;1;1;0;0;0;0;1;0;1;0;0;2.03424276923077
1;0;1;1;1;1;0;0;1;0;0;0;1;0;1;0;1;0;0;1.24799484615385
1;1;1;1;1;0;0;0;1;1;0;0;0;0;1;0;1;0;0;2.03903692307692
1;0;1;1;1;1;0;1;1;0;0;0;1;0;1;0;1;0;0;1.30550517948718
1;0;1;1;0;1;1;1;1;0;0;0;1;0;1;0;1;0;0;1.25579515384615
1;0;1;0;1;1;1;1;1;0;0;0;1;0;1;0;1;0;0;1.26645120512821
1;0;0;1;1;1;1;1;1;0;0;0;1;0;1;0;1;0;0;0.641178692307693
1;0;1;1;1;1;1;0;1;0;0;0;1;0;1;0;1;0;0;1.26856268421053
1;0;1;1;1;1;1;1;1;0;0;0;1;0;1;0;1;0;0;1.25751987179487
1;1;1;1;0;0;0;0;1;0;0;0;1;0;1;0;1;0;0;21.2449133
1;1;0;1;1;0;0;0;1;0;0;0;1;0;1;0;1;0;0;20.031858948718
1;1;1;0;1;0;0;0;1;0;0;0;1;0;1;0;1;0;0;21.2639693333333
1;1;1;1;1;1;1;1;1;0;0;0;1;0;1;0;1;0;0;21.1745932777778
1;0;0;0;0;0;0;0;1;0;0;0;1;0;1;0;0;1;0;0.61270082051282
1;0;1;1;0;0;0;0;1;0;0;0;1;0;1;0;0;1;0;1.24749945945946
1;0;0;1;1;0;0;0;1;0;0;0;1;0;1;0;0;1;0;0.629887076923077
1;0;1;0;1;0;0;0;1;0;0;0;1;0;1;0;0;1;0;1.25802888888889
1;0;1;1;1;0;0;0;1;0;0;0;1;0;1;0;0;1;0;1.24390620512821
1;0;1;1;1;0;1;1;1;0;0;0;1;0;1;0;0;1;0;1.26265346153846
1;0;0;0;1;0;0;0;1;1;0;0;0;0;1;1;0;0;0;0.535565435897436
1;1;1;1;0;0;0;0;1;0;0;0;1;0;1;0;0;1;0;21.2836635384615
1;1;0;1;1;0;0;0;1;0;0;0;1;0;1;0;0;1;0;20.024596
1;1;1;0;1;0;0;0;1;0;0;0;1;0;1;0;0;1;0;21.2438292820513
1;1;1;1;1;0;0;0;1;0;0;0;1;0;1;0;0;1;0;21.2393363684211
1;0;1;1;1;1;0;0;1;0;0;0;1;0;1;0;0;1;0;1.24962741025641
1;1;1;0;1;1;0;0;1;1;0;0;0;0;1;0;1;0;0;2.03725030769231
1;0;1;1;1;1;1;0;1;0;0;0;1;0;1;0;0;1;0;1.27131224324324
1;1;1;1;0;1;0;0;1;0;0;0;1;0;1;0;0;1;0;21.2739844358974
1;1;1;0;1;1;0;0;1;0;0;0;1;0;1;0;0;1;0;21.2317394054054
1;1;0;1;1;1;0;0;1;0;0;0;1;0;1;0;0;1;0;20.0190965135135
1;0;1;1;1;1;0;1;1;0;0;0;1;0;1;0;0;1;0;1.30623705128205
1;0;1;1;0;1;1;1;1;0;0;0;1;0;1;0;0;1;0;1.2547552972973
1;0;1;0;1;1;1;1;1;0;0;0;1;0;1;0;0;1;0;1.26689141025641
1;0;0;1;1;1;1;1;1;0;0;0;1;0;1;0;0;1;0;0.643119692307692
1;0;1;1;1;1;1;1;1;0;0;0;1;0;1;0;0;1;0;1.26663961538462
1;1;1;1;1;1;1;1;1;0;0;0;1;0;1;0;0;1;0;21.1979781
1;0;0;0;0;0;0;0;1;0;0;0;1;0;1;1;0;0;0;0.616064289473684
1;0;0;1;1;0;0;0;1;0;0;0;1;0;1;1;0;0;0;0.631216358974359
1;1;0;1;1;1;0;0;1;1;0;0;0;0;1;0;1;0;0;3.23148756410256
1;0;0;1;1;1;1;1;1;0;0;0;1;0;1;1;0;0;0;0.643108333333333
1;0;1;1;0;0;0;0;1;0;0;0;1;0;1;1;0;0;0;1.24620238461538
1;0;1;0;1;0;0;0;1;0;0;0;1;0;1;1;0;0;0;1.25255318918919
1;0;1;1;1;0;0;0;1;0;0;0;1;0;1;1;0;0;0;1.24475818421053
1;0;1;1;1;1;0;0;1;0;0;0;1;0;1;1;0;0;0;1.24255465789474
1;0;1;1;1;1;1;0;1;0;0;0;1;0;1;1;0;0;0;1.26646241025641
1;0;1;1;1;1;0;1;1;0;0;0;1;0;1;1;0;0;0;1.30840326315789
1;0;1;1;0;1;1;1;1;0;0;0;1;0;1;1;0;0;0;1.25542987179487
1;0;1;0;1;1;1;1;1;0;0;0;1;0;1;1;0;0;0;1.26863266666667
1;0;1;1;1;0;1;1;1;0;0;0;1;0;1;1;0;0;0;1.2566145
1;0;1;1;1;1;1;1;1;0;0;0;1;0;1;1;0;0;0;1.25964412820513
1;1;0;1;1;0;0;0;1;0;0;0;1;0;1;1;0;0;0;20.027798
1;0;1;1;1;1;0;0;1;1;0;0;0;0;1;0;1;0;0;0.363682974358974
1;1;1;0;1;0;0;0;1;0;0;0;1;0;1;1;0;0;0;21.272471948718
1;1;1;1;1;0;0;0;1;0;0;0;1;0;1;1;0;0;0;21.2868159459459
1;1;1;1;0;1;0;0;1;1;0;0;0;0;1;0;1;0;0;2.04151682051282
1;1;0;1;1;1;0;0;1;0;0;0;1;0;1;1;0;0;0;19.998568025641
1;1;1;1;0;1;0;0;1;0;0;0;1;0;1;1;0;0;0;21.2930250263158
1;1;1;0;1;1;0;0;1;0;0;0;1;0;1;1;0;0;0;21.2859363947368
1;1;1;1;1;1;1;1;1;0;0;0;1;0;1;1;0;0;0;21.2141431621622
1;0;0;0;0;0;0;0;1;0;0;0;1;0;1;0;0;0;1;0.617434641025641
1;0;0;0;0;0;1;0;1;1;0;0;0;0;1;0;1;0;0;0.529223384615385
1;0;0;1;1;0;0;0;1;0;0;0;1;0;1;0;0;0;1;0.627874102564102
1;1;0;1;1;0;0;0;1;0;0;0;1;0;1;0;0;0;1;20.026844025641
1;1;0;1;1;1;0;0;1;0;0;0;1;0;1;0;0;0;1;19.9832903589744
1;0;0;1;1;1;1;1;1;0;0;0;1;0;1;0;0;0;1;0.643954384615384
1;1;0;1;1;1;1;1;1;0;0;0;1;0;1;0;0;0;1;19.9479648205128
1;0;1;0;1;0;0;0;1;0;0;0;1;0;1;0;0;0;1;1.25421623076923
1;0;1;0;1;1;1;1;1;0;0;0;1;0;1;0;0;0;1;1.26958282051282
1;0;1;1;0;0;0;0;1;0;0;0;1;0;1;0;0;0;1;1.25373613513514
1;0;1;1;1;0;0;0;1;0;0;0;1;0;1;0;0;0;1;1.24968071052632
1;0;1;1;1;1;0;0;1;0;0;0;1;0;1;0;0;0;1;1.24859952631579
1;0;1;1;1;1;1;0;1;0;0;0;1;0;1;0;0;0;1;1.27445134210526
1;0;1;1;1;1;0;1;1;0;0;0;1;0;1;0;0;0;1;1.3172131025641
1;0;1;1;0;1;1;1;1;0;0;0;1;0;1;0;0;0;1;1.25462917948718
1;0;1;1;1;0;1;1;1;0;0;0;1;0;1;0;0;0;1;1.26438105128205
1;0;1;1;1;1;1;1;1;0;0;0;1;0;1;0;0;0;1;1.26717217948718
1;1;1;0;1;0;0;0;1;0;0;0;1;0;1;0;0;0;1;21.23596
1;1;1;1;0;0;0;0;1;0;0;0;1;0;1;0;0;0;1;21.2475284358974
1;1;1;1;1;0;0;0;1;0;0;0;1;0;1;0;0;0;1;21.2425672105263
1;1;1;1;1;0;1;1;1;0;0;0;1;0;1;0;0;0;1;21.2146915135135
1;1;1;0;1;1;0;0;1;0;0;0;1;0;1;0;0;0;1;21.280856725
1;1;1;1;0;1;0;0;1;0;0;0;1;0;1;0;0;0;1;21.2534873846154
1;1;1;1;1;1;1;0;1;0;0;0;1;0;1;0;0;0;1;21.3009303589744
1;1;1;1;1;1;0;1;1;0;0;0;1;0;1;0;0;0;1;21.2692926388889
1;1;1;1;0;1;1;1;1;0;0;0;1;0;1;0;0;0;1;21.2163080769231
1;1;1;0;1;1;1;1;1;0;0;0;1;0;1;0;0;0;1;21.2273812368421
1;1;1;1;1;1;1;1;1;0;0;0;1;0;1;0;0;0;1;21.1878737631579
1;0;0;0;0;0;0;0;1;0;0;0;0;1;1;1;0;0;0;0.917929
1;0;0;1;0;0;0;0;1;0;0;0;0;1;1;1;0;0;0;0.933316447368421
1;0;0;0;1;0;0;0;1;0;0;0;0;1;1;1;0;0;0;0.943753487179487
1;0;0;1;1;0;0;0;1;0;0;0;0;1;1;1;0;0;0;0.932449605263158
1;0;0;0;0;0;1;0;1;0;0;0;0;1;1;1;0;0;0;0.932075974358974
1;0;0;0;0;0;0;1;1;0;0;0;0;1;1;1;0;0;0;0.951975948717949
1;0;0;0;0;1;0;0;1;0;0;0;0;1;1;1;0;0;0;0.917719756756757
1;0;0;1;1;1;1;1;1;0;0;0;0;1;1;1;0;0;0;0.925223552631579
1;1;0;0;0;0;0;0;1;0;0;0;0;1;1;1;0;0;0;37.7909468157895
1;0;0;1;1;0;0;0;1;1;0;0;0;0;1;1;0;0;0;0.527975205128205
1;0;1;0;0;0;0;0;1;0;0;0;0;1;1;1;0;0;0;2.38557086842105
1;0;1;1;0;0;0;0;1;0;0;0;0;1;1;1;0;0;0;2.39325576923077
1;0;1;0;1;0;0;0;1;0;0;0;0;1;1;1;0;0;0;2.39078153846154
1;0;1;1;1;0;0;0;1;0;0;0;0;1;1;1;0;0;0;2.39052884615385
1;0;1;1;1;0;1;1;1;0;0;0;0;1;1;1;0;0;0;2.17378636111111
1;0;1;1;1;1;0;0;1;0;0;0;0;1;1;1;0;0;0;2.39311024324324
1;0;1;1;1;1;1;0;1;0;0;0;0;1;1;1;0;0;0;2.10325148717949
1;0;1;1;1;1;0;1;1;0;0;0;0;1;1;1;0;0;0;2.14522978947368
1;0;1;1;0;1;1;1;1;0;0;0;0;1;1;1;0;0;0;2.179497325
1;0;1;0;1;1;1;1;1;0;0;0;0;1;1;1;0;0;0;2.1464193
1;0;1;1;1;1;1;1;1;0;0;0;0;1;1;1;0;0;0;2.157238
1;1;1;1;1;1;1;1;1;0;0;0;0;1;1;1;0;0;0;38.8715203333333
1;0;0;0;0;0;0;0;1;0;0;0;0;1;1;0;0;0;1;0.909833076923077
1;0;0;1;0;0;0;0;1;0;0;0;0;1;1;0;0;0;1;0.921463897435898
1;0;0;0;1;0;0;0;1;0;0;0;0;1;1;0;0;0;1;0.929547923076923
1;0;0;1;1;0;0;0;1;0;0;0;0;1;1;0;0;0;1;0.924951102564103
1;0;0;0;0;0;1;0;1;0;0;0;0;1;1;0;0;0;1;0.916725128205128
1;0;0;0;0;0;0;1;1;0;0;0;0;1;1;0;0;0;1;0.944716128205128
1;0;0;0;0;1;0;0;1;0;0;0;0;1;1;0;0;0;1;0.918350684210526
1;1;0;1;1;0;0;0;1;1;0;0;0;0;1;1;0;0;0;3.227673
1;0;0;1;1;1;1;1;1;0;0;0;0;1;1;0;0;0;1;0.925648461538462
1;0;1;0;0;0;0;0;1;0;0;0;0;1;1;0;0;0;1;2.37894407692308
1;0;1;1;0;0;0;0;1;0;0;0;0;1;1;0;0;0;1;2.39921810810811
1;0;1;0;1;0;0;0;1;0;0;0;0;1;1;0;0;0;1;2.38891115789474
1;0;1;1;1;0;0;0;1;0;0;0;0;1;1;0;0;0;1;2.39422997435897
1;0;1;1;1;1;0;0;1;0;0;0;0;1;1;0;0;0;1;2.39437884210526
1;0;1;1;1;1;1;0;1;0;0;0;0;1;1;0;0;0;1;2.08783046153846
1;0;1;1;1;1;0;1;1;0;0;0;0;1;1;0;0;0;1;2.14782405
1;0;1;1;0;1;1;1;1;0;0;0;0;1;1;0;0;0;1;2.160404675
1;0;1;0;1;1;1;1;1;0;0;0;0;1;1;0;0;0;1;2.15598358974359
1;0;1;1;1;0;1;1;1;0;0;0;0;1;1;0;0;0;1;2.15050258974359
1;0;1;1;1;1;1;1;1;0;0;0;0;1;1;0;0;0;1;2.15629297435897
1;1;0;0;0;0;0;0;1;0;0;0;0;1;1;0;0;0;1;37.7970270263158
1;1;1;1;1;0;1;1;1;0;0;0;0;1;1;0;0;0;1;38.8176036052632
1;1;1;1;1;1;1;0;1;0;0;0;0;1;1;0;0;0;1;38.9853895641026
1;1;1;1;1;1;0;1;1;0;0;0;0;1;1;0;0;0;1;38.8176345
1;1;1;1;0;1;1;1;1;0;0;0;0;1;1;0;0;0;1;39.0244374210526
1;1;1;0;1;1;1;1;1;0;0;0;0;1;1;0;0;0;1;38.9317453513513
1;1;0;1;1;1;1;1;1;0;0;0;0;1;1;0;0;0;1;37.6527613846154
1;1;1;1;1;1;1;1;1;0;0;0;0;1;1;0;0;0;1;38.8810875789474
1;0;0;0;0;0;0;0;1;0;0;0;0;1;1;0;0;1;0;0.909398921052632
1;0;0;0;1;0;0;0;1;0;0;0;0;1;1;0;0;1;0;0.929779692307692
1;0;0;0;0;0;1;0;1;0;0;0;0;1;1;0;0;1;0;0.914675692307692
1;0;0;0;0;0;0;1;1;0;0;0;0;1;1;0;0;1;0;0.947760794871795
1;0;0;0;0;1;0;0;1;0;0;0;0;1;1;0;0;1;0;0.911694684210527
1;1;0;0;0;0;0;0;1;0;0;0;0;1;1;0;0;1;0;37.8377178947368
1;0;0;1;0;0;0;0;1;0;0;0;0;1;1;0;0;1;0;0.925988421052632
1;0;0;1;1;0;0;0;1;0;0;0;0;1;1;0;0;1;0;0.929229974358974
1;0;0;1;1;1;1;1;1;0;0;0;0;1;1;0;0;1;0;0.923370615384615
1;0;1;0;0;0;0;0;1;0;0;0;0;1;1;0;0;1;0;2.37849076923077
1;0;1;0;1;0;0;0;1;0;0;0;0;1;1;0;0;1;0;2.37463564102564
1;0;1;0;1;1;1;1;1;0;0;0;0;1;1;0;0;1;0;2.164368475
1;0;1;1;0;0;0;0;1;0;0;0;0;1;1;0;0;1;0;2.38763376923077
1;0;1;1;1;0;0;0;1;0;0;0;0;1;1;0;0;1;0;2.39774456410257
1;0;1;1;1;1;0;0;1;0;0;0;0;1;1;0;0;1;0;2.40875305128205
1;0;1;1;1;1;1;0;1;0;0;0;0;1;1;0;0;1;0;2.10513056410256
1;0;1;1;1;1;0;1;1;0;0;0;0;1;1;0;0;1;0;2.15637632432432
1;0;1;1;0;1;1;1;1;0;0;0;0;1;1;0;0;1;0;2.171853775
1;0;1;1;1;0;1;1;1;0;0;0;0;1;1;0;0;1;0;2.160230025
1;0;1;1;1;1;1;1;1;0;0;0;0;1;1;0;0;1;0;2.154671125
1;1;1;1;1;1;1;1;1;0;0;0;0;1;1;0;0;1;0;38.8024107631579
1;0;0;0;0;0;0;0;1;0;0;0;0;1;1;0;1;0;0;0.909632487179487
1;0;0;0;0;0;1;0;1;0;0;0;0;1;1;0;1;0;0;0.914618461538461
1;0;0;0;0;0;0;1;1;0;0;0;0;1;1;0;1;0;0;0.947348589743589
1;0;0;0;0;1;0;0;1;0;0;0;0;1;1;0;1;0;0;0.908881051282052
1;1;0;0;0;0;0;0;1;0;0;0;0;1;1;0;1;0;0;37.7879048157895
1;0;1;0;0;0;0;0;1;0;0;0;0;1;1;0;1;0;0;2.36724031578947
1;0;0;0;1;0;0;0;1;0;0;0;0;1;1;0;1;0;0;0.9320915
1;0;1;0;1;0;0;0;1;0;0;0;0;1;1;0;1;0;0;2.37381907692308
1;0;1;0;1;1;1;1;1;0;0;0;0;1;1;0;1;0;0;2.15521369230769
1;0;0;1;0;0;0;0;1;0;0;0;0;1;1;0;1;0;0;0.921285263157895
1;0;1;0;1;0;0;0;1;1;0;0;0;0;1;1;0;0;0;0.365953307692308
1;0;1;1;1;1;1;0;1;1;0;0;0;0;1;0;1;0;0;0.367665666666667
1;0;0;1;1;0;0;0;1;0;0;0;0;1;1;0;1;0;0;0.927965236842105
1;0;1;1;1;1;1;1;1;1;0;0;0;0;1;0;1;0;0;0.397004487179487
1;0;0;1;1;1;1;1;1;0;0;0;0;1;1;0;1;0;0;0.923714205128205
1;0;1;1;0;0;0;0;1;0;0;0;0;1;1;0;1;0;0;2.3983472972973
1;0;1;1;0;1;1;1;1;0;0;0;0;1;1;0;1;0;0;2.16931169230769
1;0;1;1;1;0;0;0;1;0;0;0;0;1;1;0;1;0;0;2.39169173684211
1;0;1;1;1;1;0;0;1;0;0;0;0;1;1;0;1;0;0;2.39572678947368
1;0;1;1;1;1;1;0;1;0;0;0;0;1;1;0;1;0;0;2.09752055
1;0;1;1;1;1;0;1;1;0;0;0;0;1;1;0;1;0;0;2.14697056410256
1;0;1;1;1;0;1;1;1;0;0;0;0;1;1;0;1;0;0;2.15925646153846
1;0;1;1;1;1;1;1;1;0;0;0;0;1;1;0;1;0;0;2.16746930769231
1;1;1;1;1;1;1;1;1;1;0;0;0;0;1;0;1;0;0;2.071991825
1;1;1;1;1;1;1;1;1;0;0;0;0;1;1;0;1;0;0;38.8241264615385
1;0;0;0;0;0;0;0;1;1;0;0;0;0;1;0;0;1;0;0.502207128205128
1;0;1;0;0;0;0;0;1;1;0;0;0;0;1;0;0;1;0;0.362087641025641
1;0;1;1;0;0;0;0;1;1;0;0;0;0;1;0;0;1;0;0.360646282051282
1;1;1;1;0;0;0;0;1;1;0;0;0;0;1;0;0;1;0;2.03501943589744
1;0;0;0;1;0;0;0;1;1;0;0;0;0;1;0;0;1;0;0.528818615384615
1;0;0;1;1;0;0;0;1;1;0;0;0;0;1;0;0;1;0;0.527922025641026
1;1;0;1;1;0;0;0;1;1;0;0;0;0;1;0;0;1;0;3.22218666666667
1;0;1;0;1;0;0;0;1;1;0;0;0;0;1;0;0;1;0;0.367623282051282
1;0;1;1;1;0;0;0;1;1;0;0;0;0;1;1;0;0;0;0.353774025641026
1;0;1;1;1;0;0;0;1;1;0;0;0;0;1;0;0;1;0;0.356396564102564
1;1;1;0;1;0;0;0;1;1;0;0;0;0;1;0;0;1;0;2.02317365
1;1;1;1;1;0;0;0;1;1;0;0;0;0;1;0;0;1;0;2.04349315384615
1;0;0;0;0;0;1;0;1;1;0;0;0;0;1;0;0;1;0;0.520114974358974
1;1;1;0;1;0;0;0;1;1;0;0;0;0;1;1;0;0;0;2.02361848717949
1;1;1;1;1;0;0;0;1;1;0;0;0;0;1;1;0;0;0;2.03956694871795
1;1;1;1;0;1;0;0;1;1;0;0;0;0;1;0;0;1;0;2.03084274358974
1;0;0;0;0;0;1;0;1;1;0;0;0;0;1;1;0;0;0;0.518685128205128
1;1;0;1;1;1;0;0;1;1;0;0;0;0;1;0;0;1;0;3.22669238461538
1;0;1;1;1;1;0;0;1;1;0;0;0;0;1;0;0;1;0;0.362512641025641
1;1;1;0;1;1;0;0;1;1;0;0;0;0;1;0;0;1;0;2.02788658974359
1;0;1;1;1;1;1;0;1;1;0;0;0;0;1;0;0;1;0;0.365896102564103
1;0;1;1;1;1;1;1;1;1;0;0;0;0;1;0;0;1;0;0.39436841025641
1;1;1;1;1;1;1;1;1;1;0;0;0;0;1;0;0;1;0;2.07444723076923
1;0;0;0;0;0;0;0;1;1;0;0;0;0;1;0;0;0;1;0.502442666666667
1;0;1;0;0;0;0;0;1;1;0;0;0;0;1;0;0;0;1;0.365148461538462
1;0;1;1;0;0;0;0;1;1;0;0;0;0;1;0;0;0;1;0.360080666666667
1;0;0;0;1;0;0;0;1;1;0;0;0;0;1;0;0;0;1;0.529441307692308
1;0;0;1;1;0;0;0;1;1;0;0;0;0;1;0;0;0;1;0.528840846153846
1;0;1;0;1;0;0;0;1;1;0;0;0;0;1;0;0;0;1;0.367116461538462
1;0;1;1;1;0;0;0;1;1;0;0;0;0;1;0;0;0;1;0.358910512820513
1;0;0;0;0;0;1;0;1;1;0;0;0;0;1;0;0;0;1;0.519607447368421
1;0;1;1;1;1;0;0;1;1;0;0;0;0;1;0;0;0;1;0.363922256410256
1;0;1;1;1;1;1;0;1;1;0;0;0;0;1;0;0;0;1;0.368895567567568
1;1;1;1;0;0;0;0;1;1;0;0;0;0;1;0;0;0;1;2.03608220512821
1;1;0;1;1;0;0;0;1;1;0;0;0;0;1;0;0;0;1;3.22791546153846
1;1;1;0;1;0;0;0;1;1;0;0;0;0;1;0;0;0;1;2.02437697435897
1;1;1;1;1;0;0;0;1;1;0;0;0;0;1;0;0;0;1;2.04255887179487
1;1;1;0;1;1;0;0;1;1;0;0;0;0;1;0;0;0;1;2.02655092307692
1;1;0;1;1;1;0;0;1;1;0;0;0;0;1;0;0;0;1;3.22669784615385
1;1;1;1;0;1;0;0;1;1;0;0;0;0;1;0;0;0;1;2.03124856410256
1;1;1;1;1;1;1;0;1;1;0;0;0;0;1;0;0;0;1;2.04547386842105
1;1;1;1;1;0;1;1;1;1;0;0;0;0;1;0;0;0;1;2.07129233333333
1;1;1;1;1;1;0;1;1;1;0;0;0;0;1;0;0;0;1;2.05687823076923
1;0;1;0;0;0;0;0;1;1;0;0;0;0;1;1;0;0;0;0.365789897435897
1;1;1;1;0;1;1;1;1;1;0;0;0;0;1;0;0;0;1;2.08937425641026
1;1;1;0;1;1;1;1;1;1;0;0;0;0;1;0;0;0;1;2.07042533333333
1;1;0;1;1;1;1;1;1;1;0;0;0;0;1;0;0;0;1;3.28010056410256
1;0;1;1;1;1;1;1;1;1;0;0;0;0;1;0;0;0;1;0.397915717948718
1;1;1;1;1;1;1;1;1;1;0;0;0;0;1;0;0;0;1;2.0746197948718
1;0;0;0;0;0;0;0;1;0;1;0;0;0;1;0;0;1;0;0.433031078947368
1;0;1;1;0;0;0;0;1;0;1;0;0;0;1;0;0;1;0;0.510199307692308
1;0;0;1;1;0;0;0;1;0;1;0;0;0;1;0;0;1;0;0.454166974358974
1;0;1;0;1;0;0;0;1;0;1;0;0;0;1;0;0;1;0;0.516304615384615
1;0;1;1;1;0;0;0;1;0;1;0;0;0;1;0;0;1;0;0.513642538461538
1;0;1;1;1;1;0;0;1;0;1;0;0;0;1;0;0;1;0;0.50931958974359
1;0;1;1;1;1;1;0;1;0;1;0;0;0;1;0;0;1;0;0.520796236842105
1;0;1;1;1;1;1;1;1;0;1;0;0;0;1;0;0;1;0;0.530337
1;1;1;1;1;1;1;1;1;0;1;0;0;0;1;0;0;1;0;5.84655182051282
1;0;0;0;0;0;0;0;1;0;1;0;0;0;1;0;1;0;0;0.430814923076923
1;0;1;1;0;0;0;0;1;0;1;0;0;0;1;0;1;0;0;0.508122282051282
1;0;0;1;1;0;0;0;1;0;1;0;0;0;1;0;1;0;0;0.452087944444444
1;0;1;1;1;0;0;0;1;0;1;0;0;0;1;0;1;0;0;0.51644358974359
1;0;1;1;1;1;0;0;1;0;1;0;0;0;1;0;1;0;0;0.513074128205128
1;0;1;1;1;1;1;0;1;0;1;0;0;0;1;0;1;0;0;0.522941076923077
1;0;1;1;1;1;1;1;1;0;1;0;0;0;1;0;1;0;0;0.532057717948718
1;1;1;1;1;1;1;1;1;0;1;0;0;0;1;0;1;0;0;5.85858643589743
1;0;0;0;0;0;0;0;1;0;1;0;0;0;1;0;0;0;1;0.43293558974359
1;0;1;1;0;0;0;0;1;0;1;0;0;0;1;0;0;0;1;0.506815102564103
1;0;0;1;1;0;0;0;1;0;1;0;0;0;1;0;0;0;1;0.453215179487179
1;1;1;1;0;1;0;0;1;1;0;0;0;0;1;1;0;0;0;2.03640882051282
1;0;1;0;1;0;0;0;1;0;1;0;0;0;1;0;0;0;1;0.518915948717949
1;0;1;1;1;0;0;0;1;0;1;0;0;0;1;0;0;0;1;0.514527717948718
1;0;1;1;1;1;0;0;1;0;1;0;0;0;1;0;0;0;1;0.512679307692308
1;0;1;1;1;1;1;0;1;0;1;0;0;0;1;0;0;0;1;0.521336794871795
1;0;1;1;1;1;1;1;1;0;1;0;0;0;1;0;0;0;1;0.532467948717949
1;1;1;1;1;1;1;1;1;0;1;0;0;0;1;0;0;0;1;5.86119853846154
1;0;0;0;0;0;0;0;1;0;1;0;0;0;1;1;0;0;0;0.432443897435898
1;0;1;1;0;0;0;0;1;0;1;0;0;0;1;1;0;0;0;0.507538205128205
1;0;0;1;1;0;0;0;1;0;1;0;0;0;1;1;0;0;0;0.453193692307692
1;0;1;0;1;0;0;0;1;0;1;0;0;0;1;1;0;0;0;0.520409538461538
1;0;1;1;1;0;0;0;1;0;1;0;0;0;1;1;0;0;0;0.514128641025641
1;0;1;1;1;1;0;0;1;0;1;0;0;0;1;1;0;0;0;0.511346923076923
1;0;1;1;1;1;1;0;1;0;1;0;0;0;1;1;0;0;0;0.517383051282051
