no_mixed_refs;rc_lookahead_40;no_cabac;no_8x8dct;ref;no_asm;rc_lookahead;ref_1;ref_5;no_fast_pskip;no_weightb;rc_lookahead_20;no_deblock;no_mbtree;ref_9;root;rc_lookahead_60;Performance
0;1;0;0;1;1;1;1;0;0;0;0;0;0;0;1;0;270.656666667
0;0;0;0;1;1;1;1;0;0;0;1;0;0;0;1;0;268.72
0;0;0;0;1;1;1;1;0;0;0;0;0;0;0;1;1;271.966666667
0;0;0;0;1;1;1;0;0;0;0;0;0;0;1;1;1;613.446666667
0;1;0;0;1;1;1;0;0;0;0;0;0;0;1;1;0;612.97
0;0;0;0;1;1;1;0;0;0;0;1;0;0;1;1;0;611.043333333
0;0;0;0;1;1;1;0;1;0;0;1;0;0;0;1;0;442.25
0;1;0;0;1;1;1;0;1;0;0;0;0;0;0;1;0;444.6
0;1;0;0;1;1;1;1;0;0;0;0;0;1;0;1;0;305.456666667
0;1;0;0;1;1;1;1;0;0;0;0;1;0;0;1;0;270.07
0;1;0;0;1;1;1;1;0;0;1;0;0;0;0;1;0;270.706666667
0;1;0;0;1;1;1;1;0;1;0;0;0;0;0;1;0;278.196666667
0;1;0;1;1;1;1;1;0;0;0;0;0;0;0;1;0;256.726666667
0;1;1;0;1;1;1;1;0;0;0;0;0;0;0;1;0;262.563333333
1;1;0;0;1;1;1;1;0;0;0;0;0;0;0;1;0;270.66
0;0;0;0;1;1;1;1;0;0;0;1;0;1;0;1;0;305.4
0;0;0;0;1;1;1;1;0;0;0;1;1;0;0;1;0;268.016666667
0;0;0;0;1;1;1;1;0;0;1;1;0;0;0;1;0;268.556666667
0;0;0;1;1;1;1;1;0;0;0;1;0;0;0;1;0;254.586666667
0;0;1;0;1;1;1;1;0;0;0;1;0;0;0;1;0;260.266666667
1;0;0;0;1;1;1;1;0;0;0;1;0;0;0;1;0;268.773333333
0;0;0;0;1;1;1;1;0;0;0;0;0;1;0;1;1;305.383333333
0;0;0;0;1;1;1;1;0;0;1;0;0;0;0;1;1;272.003333333
0;0;0;0;1;1;1;1;0;1;0;0;0;0;0;1;1;279.356666667
0;0;0;1;1;1;1;1;0;0;0;0;0;0;0;1;1;257.973333333
0;0;1;0;1;1;1;1;0;0;0;0;0;0;0;1;1;263.823333333
0;0;0;0;1;1;1;0;0;0;0;0;0;1;1;1;1;721.873333333
0;0;0;0;1;1;1;0;0;0;0;0;1;0;1;1;1;617.42
0;0;0;0;1;1;1;0;0;0;1;0;0;0;1;1;1;613.516666667
0;0;0;0;1;1;1;0;0;1;0;0;0;0;1;1;1;742.463333333
0;0;0;1;1;1;1;0;0;0;0;0;0;0;1;1;1;588.54
0;0;1;0;1;1;1;0;0;0;0;0;0;0;1;1;1;604.886666667
1;0;0;0;1;1;1;0;0;0;0;0;0;0;1;1;1;511.506666667
0;1;0;0;1;1;1;0;0;0;0;0;0;1;1;1;0;721.563333333
0;1;0;0;1;1;1;0;0;0;1;0;0;0;1;1;0;612.643333333
0;1;0;0;1;1;1;0;0;1;0;0;0;0;1;1;0;741.59
0;1;0;1;1;1;1;0;0;0;0;0;0;0;1;1;0;587.773333333
0;1;1;0;1;1;1;0;0;0;0;0;0;0;1;1;0;604.746666667
1;1;0;0;1;1;1;0;0;0;0;0;0;0;1;1;0;511.153333333
0;0;0;0;1;1;1;0;0;0;0;1;0;1;1;1;0;721.486666667
0;0;0;0;1;1;1;0;0;0;0;1;1;0;1;1;0;615.286666667
0;0;0;0;1;1;1;0;0;0;1;1;0;0;1;1;0;610.823333333
0;0;0;0;1;1;1;0;0;1;0;1;0;0;1;1;0;740.21
0;0;0;1;1;1;1;0;0;0;0;1;0;0;1;1;0;585.35
0;0;1;0;1;1;1;0;0;0;0;1;0;0;1;1;0;602.713333333
1;0;0;0;1;1;1;0;0;0;0;1;0;0;1;1;0;510.01
0;0;0;0;1;1;1;0;1;0;0;1;0;1;0;1;0;519.586666667
0;0;0;0;1;1;1;0;1;0;0;1;1;0;0;1;0;444.71
0;0;0;0;1;1;1;0;1;0;1;1;0;0;0;1;0;442.546666667
0;0;0;0;1;1;1;0;1;1;0;1;0;0;0;1;0;514.17
0;0;0;1;1;1;1;0;1;0;0;1;0;0;0;1;0;423.076666667
0;0;1;0;1;1;1;0;1;0;0;1;0;0;0;1;0;436.116666667
1;0;0;0;1;1;1;0;1;0;0;1;0;0;0;1;0;381.123333333
0;0;0;0;1;1;1;0;1;0;0;0;0;1;0;1;1;519.413333333
0;0;0;0;1;1;1;0;1;0;0;0;1;0;0;1;1;447.626666667
0;0;0;0;1;1;1;0;1;0;1;0;0;0;0;1;1;445.486666667
0;0;0;0;1;1;1;0;1;1;0;0;0;0;0;1;1;516.766666667
0;0;0;1;1;1;1;0;1;0;0;0;0;0;0;1;1;426.416666667
0;0;1;0;1;1;1;0;1;0;0;0;0;0;0;1;1;439.106666667
1;0;0;0;1;1;1;0;1;0;0;0;0;0;0;1;1;384.196666667
0;1;0;0;1;1;1;0;1;0;0;0;0;1;0;1;0;519.583333333
0;1;0;0;1;1;1;0;1;0;0;0;1;0;0;1;0;446.633333333
0;1;0;0;1;1;1;0;1;0;1;0;0;0;0;1;0;444.333333333
0;1;0;0;1;1;1;0;1;1;0;0;0;0;0;1;0;515.543333333
0;1;1;0;1;1;1;0;1;0;0;0;0;0;0;1;0;438.196666667
1;1;0;0;1;1;1;0;1;0;0;0;0;0;0;1;0;383.053333333
0;1;0;0;1;1;1;1;0;0;0;0;1;1;0;1;0;305.173333333
0;1;0;0;1;1;1;1;0;0;1;0;0;1;0;1;0;305.443333333
0;1;0;0;1;1;1;1;0;0;1;0;1;0;0;1;0;270.153333333
0;1;0;0;1;1;1;1;0;1;0;0;0;1;0;1;0;310.696666667
0;1;0;0;1;1;1;1;0;1;0;0;1;0;0;1;0;277.813333333
0;1;0;0;1;1;1;1;0;1;1;0;0;0;0;1;0;278.12
0;1;0;1;1;1;1;1;0;0;0;0;1;0;0;1;0;256.333333333
0;1;0;1;1;1;1;1;0;0;1;0;0;0;0;1;0;256.666666667
0;1;1;0;1;1;1;1;0;0;0;0;0;1;0;1;0;295.49
0;1;1;0;1;1;1;1;0;0;0;0;1;0;0;1;0;262.233333333
0;1;1;0;1;1;1;1;0;0;1;0;0;0;0;1;0;262.566666667
0;1;1;0;1;1;1;1;0;1;0;0;0;0;0;1;0;268.786666667
0;1;1;1;1;1;1;1;0;0;0;0;0;0;0;1;0;246.486666667
1;1;0;0;1;1;1;1;0;0;0;0;0;1;0;1;0;305.503333333
1;1;0;0;1;1;1;1;0;0;0;0;1;0;0;1;0;270.136666667
1;1;0;0;1;1;1;1;0;1;0;0;0;0;0;1;0;278.226666667
1;1;0;1;1;1;1;1;0;0;0;0;0;0;0;1;0;256.82
1;1;1;0;1;1;1;1;0;0;0;0;0;0;0;1;0;262.653333333
0;0;0;0;1;1;1;1;0;0;0;1;1;1;0;1;0;304.9
0;0;0;0;1;1;1;1;0;0;1;1;0;1;0;1;0;305.283333333
0;0;0;0;1;1;1;1;0;0;1;1;1;0;0;1;0;267.853333333
0;0;0;0;1;1;1;1;0;1;0;1;0;1;0;1;0;310.58
0;0;0;0;1;1;1;1;0;1;0;1;1;0;0;1;0;275.426666667
0;0;0;0;1;1;1;1;0;1;1;1;0;0;0;1;0;275.92
0;0;0;1;1;1;1;1;0;0;0;1;0;1;0;1;0;287.01
0;0;0;1;1;1;1;1;0;0;0;1;1;0;0;1;0;254.176666667
0;0;0;1;1;1;1;1;0;0;1;1;0;0;0;1;0;254.733333333
0;0;0;1;1;1;1;1;0;1;0;1;0;0;0;1;0;261.076666667
0;0;1;0;1;1;1;1;0;0;0;1;0;1;0;1;0;295.47
0;0;1;0;1;1;1;1;0;0;0;1;1;0;0;1;0;259.806666667
0;0;1;0;1;1;1;1;0;0;1;1;0;0;0;1;0;260.41
0;0;1;0;1;1;1;1;0;1;0;1;0;0;0;1;0;266.483333333
0;0;1;1;1;1;1;1;0;0;0;1;0;0;0;1;0;244.39
1;0;0;0;1;1;1;1;0;0;0;1;0;1;0;1;0;305.26
1;0;0;0;1;1;1;1;0;0;0;1;1;0;0;1;0;268.17
1;0;0;0;1;1;1;1;0;0;1;1;0;0;0;1;0;268.603333333
1;0;0;0;1;1;1;1;0;1;0;1;0;0;0;1;0;276.03
1;0;0;1;1;1;1;1;0;0;0;1;0;0;0;1;0;254.82
0;0;0;0;1;1;1;1;0;0;0;0;1;1;0;1;1;304.96
0;0;0;0;1;1;1;1;0;0;1;0;0;1;0;1;1;305.5
0;0;0;0;1;1;1;1;0;0;1;0;1;0;0;1;1;271.38
0;0;0;0;1;1;1;1;0;1;0;0;0;1;0;1;1;310.606666667
0;0;0;0;1;1;1;1;0;1;0;0;1;0;0;1;1;279.036666667
0;0;0;0;1;1;1;1;0;1;1;0;0;0;0;1;1;279.333333333
0;0;0;1;1;1;1;1;0;0;0;0;0;1;0;1;1;287.113333333
0;0;0;1;1;1;1;1;0;0;0;0;1;0;0;1;1;257.463333333
0;0;0;1;1;1;1;1;0;0;1;0;0;0;0;1;1;257.926666667
0;0;0;1;1;1;1;1;0;1;0;0;0;0;0;1;1;264.293333333
0;0;1;0;1;1;1;1;0;0;0;0;0;1;0;1;1;295.576666667
0;0;1;0;1;1;1;1;0;0;0;0;1;0;0;1;1;263.366666667
0;0;1;0;1;1;1;1;0;0;1;0;0;0;0;1;1;263.643333333
0;0;1;0;1;1;1;1;0;1;0;0;0;0;0;1;1;269.916666667
0;0;1;1;1;1;1;1;0;0;0;0;0;0;0;1;1;247.73
1;0;0;0;1;1;1;1;0;0;0;0;0;1;0;1;1;305.35
1;0;0;0;1;1;1;1;0;0;0;0;1;0;0;1;1;271.416666667
1;0;0;0;1;1;1;1;0;0;1;0;0;0;0;1;1;272.053333333
1;0;0;0;1;1;1;1;0;1;0;0;0;0;0;1;1;279.533333333
1;0;0;1;1;1;1;1;0;0;0;0;0;0;0;1;1;258.113333333
1;0;1;0;1;1;1;1;0;0;0;0;0;0;0;1;1;263.886666667
0;0;0;0;1;1;1;0;0;0;0;0;1;1;1;1;1;726.916666667
0;0;0;0;1;1;1;0;0;0;1;0;0;1;1;1;1;721.866666667
0;0;0;0;1;1;1;0;0;0;1;0;1;0;1;1;1;616.96
0;0;0;0;1;1;1;0;0;1;0;0;0;1;1;1;1;817.99
0;0;0;0;1;1;1;0;0;1;0;0;1;0;1;1;1;745.596666667
0;0;0;0;1;1;1;0;0;1;1;0;0;0;1;1;1;741.886666667
0;0;0;1;1;1;1;0;0;0;0;0;0;1;1;1;1;687.473333333
0;0;0;1;1;1;1;0;0;0;0;0;1;0;1;1;1;590.55
0;0;0;1;1;1;1;0;0;0;1;0;0;0;1;1;1;588.2
0;0;0;1;1;1;1;0;0;1;0;0;0;0;1;1;1;713.576666667
0;0;1;0;1;1;1;0;0;0;0;0;1;0;1;1;1;607.926666667
0;0;1;0;1;1;1;0;0;0;1;0;0;0;1;1;1;604.483333333
0;0;1;1;1;1;1;0;0;0;0;0;0;0;1;1;1;581.813333333
1;0;0;0;1;1;1;0;0;0;0;0;0;1;1;1;1;580.74
1;0;0;0;1;1;1;0;0;0;0;0;1;0;1;1;1;510.836666667
1;0;0;0;1;1;1;0;0;0;1;0;0;0;1;1;1;511.733333333
1;0;0;0;1;1;1;0;0;1;0;0;0;0;1;1;1;632.943333333
1;0;0;1;1;1;1;0;0;0;0;0;0;0;1;1;1;499.27
1;0;1;0;1;1;1;0;0;0;0;0;0;0;1;1;1;509.893333333
0;1;0;0;1;1;1;0;0;0;0;0;1;1;1;1;0;726.79
0;1;0;0;1;1;1;0;0;0;1;0;0;1;1;1;0;722.036666667
0;1;0;0;1;1;1;0;0;0;1;0;1;0;1;1;0;616.086666667
0;1;0;0;1;1;1;0;0;1;0;0;1;0;1;1;0;744.893333333
0;1;0;0;1;1;1;0;0;1;1;0;0;0;1;1;0;741.206666667
0;1;0;1;1;1;1;0;0;0;0;0;0;1;1;1;0;687.6
0;1;0;1;1;1;1;0;0;0;0;0;1;0;1;1;0;590.18
0;1;0;1;1;1;1;0;0;0;1;0;0;0;1;1;0;587.24
0;1;0;1;1;1;1;0;0;1;0;0;0;0;1;1;0;712.54
0;1;1;0;1;1;1;0;0;0;0;0;1;0;1;1;0;607.536666667
0;1;1;0;1;1;1;0;0;0;1;0;0;0;1;1;0;604.123333333
0;1;1;0;1;1;1;0;0;1;0;0;0;0;1;1;0;731.353333333
0;1;1;1;1;1;1;0;0;0;0;0;0;0;1;1;0;581.513333333
1;1;0;0;1;1;1;0;0;0;0;0;1;0;1;1;0;510.183333333
1;1;0;0;1;1;1;0;0;0;1;0;0;0;1;1;0;510.856666667
1;1;0;0;1;1;1;0;0;1;0;0;0;0;1;1;0;632.126666667
1;1;0;1;1;1;1;0;0;0;0;0;0;0;1;1;0;498.49
1;1;1;0;1;1;1;0;0;0;0;0;0;0;1;1;0;509.37
0;0;0;0;1;1;1;0;0;0;0;1;1;1;1;1;0;726.89
0;0;0;0;1;1;1;0;0;0;1;1;0;1;1;1;0;721.756666667
0;0;0;0;1;1;1;0;0;0;1;1;1;0;1;1;0;614.57
0;0;0;0;1;1;1;0;0;1;0;1;0;1;1;1;0;817.793333333
0;0;0;0;1;1;1;0;0;1;0;1;1;0;1;1;0;743.163333333
0;0;0;0;1;1;1;0;0;1;1;1;0;0;1;1;0;739.903333333
0;0;0;1;1;1;1;0;0;0;0;1;0;1;1;1;0;687.39
0;0;0;1;1;1;1;0;0;0;0;1;1;0;1;1;0;588.673333333
0;0;0;1;1;1;1;0;0;0;1;1;0;0;1;1;0;584.82
0;0;0;1;1;1;1;0;0;1;0;1;0;0;1;1;0;711.233333333
0;0;1;0;1;1;1;0;0;0;0;1;0;1;1;1;0;712.743333333
0;0;1;0;1;1;1;0;0;0;1;1;0;0;1;1;0;601.59
0;0;1;0;1;1;1;0;0;1;0;1;0;0;1;1;0;730.01
0;0;1;1;1;1;1;0;0;0;0;1;0;0;1;1;0;579.176666667
1;0;0;0;1;1;1;0;0;0;0;1;0;1;1;1;0;580.736666667
1;0;0;0;1;1;1;0;0;0;0;1;1;0;1;1;0;508.71
1;0;0;0;1;1;1;0;0;0;1;1;0;0;1;1;0;509.523333333
1;0;0;0;1;1;1;0;0;1;0;1;0;0;1;1;0;631.043333333
1;0;0;1;1;1;1;0;0;0;0;1;0;0;1;1;0;496.893333333
1;0;1;0;1;1;1;0;0;0;0;1;0;0;1;1;0;507.246666667
0;0;0;0;1;1;1;0;1;0;0;1;1;1;0;1;0;521.7
0;0;0;0;1;1;1;0;1;0;1;1;0;1;0;1;0;519.026666667
0;0;0;0;1;1;1;0;1;0;1;1;1;0;0;1;0;444.52
0;0;0;0;1;1;1;0;1;1;0;1;0;1;0;1;0;571.566666667
0;0;0;0;1;1;1;0;1;1;0;1;1;0;0;1;0;516.22
0;0;0;0;1;1;1;0;1;1;1;1;0;0;0;1;0;513.53
0;0;0;1;1;1;1;0;1;0;0;1;0;1;0;1;0;492.623333333
0;0;0;1;1;1;1;0;1;0;0;1;1;0;0;1;0;425.063333333
0;0;0;1;1;1;1;0;1;0;1;1;0;0;0;1;0;422.646666667
0;0;0;1;1;1;1;0;1;1;0;1;0;0;0;1;0;492.126666667
0;0;1;0;1;1;1;0;1;0;0;1;0;1;0;1;0;511.693333333
0;0;1;0;1;1;1;0;1;0;0;1;1;0;0;1;0;437.92
0;0;1;0;1;1;1;0;1;1;0;1;0;0;0;1;0;505.856666667
0;0;1;1;1;1;1;0;1;0;0;1;0;0;0;1;0;416.886666667
1;0;0;0;1;1;1;0;1;0;0;1;1;0;0;1;0;380.146666667
1;0;0;0;1;1;1;0;1;0;1;1;0;0;0;1;0;380.84
1;0;0;0;1;1;1;0;1;1;0;1;0;0;0;1;0;447.423333333
1;0;0;1;1;1;1;0;1;0;0;1;0;0;0;1;0;367.963333333
1;0;1;0;1;1;1;0;1;0;0;1;0;0;0;1;0;378.416666667
0;0;0;0;1;1;1;0;1;0;0;0;1;1;0;1;1;521.98
0;0;0;0;1;1;1;0;1;0;1;0;0;1;0;1;1;518.96
0;0;0;0;1;1;1;0;1;0;1;0;1;0;0;1;1;447.646666667
0;0;0;0;1;1;1;0;1;1;0;0;0;1;0;1;1;571.51
0;0;0;0;1;1;1;0;1;1;0;0;1;0;0;1;1;518.8
0;0;0;0;1;1;1;0;1;1;1;0;0;0;0;1;1;516.586666667
0;0;0;1;1;1;1;0;1;0;0;0;0;1;0;1;1;492.366666667
0;0;0;1;1;1;1;0;1;0;0;0;1;0;0;1;1;428.026666667
0;0;0;1;1;1;1;0;1;0;1;0;0;0;0;1;1;425.873333333
0;0;0;1;1;1;1;0;1;1;0;0;0;0;0;1;1;494.596666667
0;0;1;0;1;1;1;0;1;0;0;0;0;1;0;1;1;511.373333333
0;0;1;0;1;1;1;0;1;0;0;0;1;0;0;1;1;440.673333333
0;0;1;0;1;1;1;0;1;0;1;0;0;0;0;1;1;439.02
0;0;1;1;1;1;1;0;1;0;0;0;0;0;0;1;1;419.7
1;0;0;0;1;1;1;0;1;0;0;0;0;1;0;1;1;433.223333333
1;0;0;0;1;1;1;0;1;0;0;0;1;0;0;1;1;383.26
1;0;0;0;1;1;1;0;1;0;1;0;0;0;0;1;1;383.89
1;0;0;0;1;1;1;0;1;1;0;0;0;0;0;1;1;450.156666667
1;0;0;1;1;1;1;0;1;0;0;0;0;0;0;1;1;370.77
1;0;1;0;1;1;1;0;1;0;0;0;0;0;0;1;1;381.403333333
0;1;0;0;1;1;1;0;1;0;0;0;1;1;0;1;0;521.843333333
0;1;0;0;1;1;1;0;1;0;1;0;1;0;0;1;0;446.6
0;1;0;0;1;1;1;0;1;1;0;0;0;1;0;1;0;571.396666667
0;1;0;0;1;1;1;0;1;1;0;0;1;0;0;1;0;518.143333333
0;1;0;0;1;1;1;0;1;1;1;0;0;0;0;1;0;515.663333333
0;1;0;1;1;1;1;0;1;0;0;0;0;1;0;1;0;492.306666667
0;1;0;1;1;1;1;0;1;0;0;0;1;0;0;1;0;427.07
0;1;0;1;1;1;1;0;1;0;1;0;0;0;0;1;0;424.82
0;1;0;1;1;1;1;0;1;1;0;0;0;0;0;1;0;493.893333333
0;1;1;0;1;1;1;0;1;0;0;0;0;1;0;1;0;511.58
0;1;1;0;1;1;1;0;1;0;0;0;1;0;0;1;0;439.606666667
0;1;1;0;1;1;1;0;1;1;0;0;0;0;0;1;0;507.75
0;1;1;1;1;1;1;0;1;0;0;0;0;0;0;1;0;418.563333333
1;1;0;0;1;1;1;0;1;0;0;0;0;1;0;1;0;433.223333333
1;1;0;0;1;1;1;0;1;0;0;0;1;0;0;1;0;382.12
1;1;0;0;1;1;1;0;1;0;1;0;0;0;0;1;0;382.883333333
1;1;0;0;1;1;1;0;1;1;0;0;0;0;0;1;0;449.28
1;1;0;1;1;1;1;0;1;0;0;0;0;0;0;1;0;369.81
1;1;1;0;1;1;1;0;1;0;0;0;0;0;0;1;0;380.663333333
0;1;0;0;1;1;1;1;0;0;1;0;1;1;0;1;0;305.04
0;1;0;0;1;1;1;1;0;1;0;0;1;1;0;1;0;310.286666667
0;1;0;0;1;1;1;1;0;1;1;0;0;1;0;1;0;310.776666667
0;1;0;0;1;1;1;1;0;1;1;0;1;0;0;1;0;277.533333333
0;1;0;1;1;1;1;1;0;0;0;0;1;1;0;1;0;286.426666667
0;1;0;1;1;1;1;1;0;0;1;0;0;1;0;1;0;287.106666667
0;1;0;1;1;1;1;1;0;0;1;0;1;0;0;1;0;256.273333333
0;1;0;1;1;1;1;1;0;1;0;0;0;1;0;1;0;291.59
0;1;0;1;1;1;1;1;0;1;0;0;1;0;0;1;0;262.793333333
0;1;0;1;1;1;1;1;0;1;1;0;0;0;0;1;0;263.253333333
0;1;1;0;1;1;1;1;0;0;0;0;1;1;0;1;0;295.426666667
0;1;1;0;1;1;1;1;0;0;1;0;0;1;0;1;0;295.61
0;1;1;0;1;1;1;1;0;1;0;0;0;1;0;1;0;299.813333333
0;1;1;0;1;1;1;1;0;1;0;0;1;0;0;1;0;268.396666667
0;1;1;0;1;1;1;1;0;1;1;0;0;0;0;1;0;268.873333333
0;1;1;1;1;1;1;1;0;0;0;0;0;1;0;1;0;276.01
0;1;1;1;1;1;1;1;0;0;0;0;1;0;0;1;0;246.4
0;1;1;1;1;1;1;1;0;0;1;0;0;0;0;1;0;246.41
0;1;1;1;1;1;1;1;0;1;0;0;0;0;0;1;0;251.87
1;1;0;0;1;1;1;1;0;0;0;0;1;1;0;1;0;305.03
1;1;0;0;1;1;1;1;0;0;1;0;0;1;0;1;0;305.433333333
1;1;0;0;1;1;1;1;0;1;0;0;0;1;0;1;0;310.696666667
1;1;0;0;1;1;1;1;0;1;0;0;1;0;0;1;0;277.853333333
1;1;0;0;1;1;1;1;0;1;1;0;0;0;0;1;0;278.076666667
1;1;0;1;1;1;1;1;0;0;0;0;0;1;0;1;0;287.21
1;1;0;1;1;1;1;1;0;0;0;0;1;0;0;1;0;256.34
1;1;0;1;1;1;1;1;0;0;1;0;0;0;0;1;0;256.72
1;1;0;1;1;1;1;1;0;1;0;0;0;0;0;1;0;263.206666667
1;1;1;0;1;1;1;1;0;0;0;0;0;1;0;1;0;295.68
1;1;1;0;1;1;1;1;0;0;0;0;1;0;0;1;0;262.17
1;1;1;0;1;1;1;1;0;0;1;0;0;0;0;1;0;262.53
1;1;1;0;1;1;1;1;0;1;0;0;0;0;0;1;0;268.763333333
1;1;1;1;1;1;1;1;0;0;0;0;0;0;0;1;0;246.543333333
0;0;0;0;1;1;1;1;0;0;1;1;1;1;0;1;0;304.996666667
0;0;0;0;1;1;1;1;0;1;0;1;1;1;0;1;0;310.176666667
0;0;0;0;1;1;1;1;0;1;1;1;0;1;0;1;0;310.576666667
0;0;0;0;1;1;1;1;0;1;1;1;1;0;0;1;0;275.373333333
0;0;0;1;1;1;1;1;0;0;0;1;1;1;0;1;0;286.286666667
0;0;0;1;1;1;1;1;0;0;1;1;0;1;0;1;0;287.06
0;0;0;1;1;1;1;1;0;0;1;1;1;0;0;1;0;254.033333333
0;0;0;1;1;1;1;1;0;1;0;1;0;1;0;1;0;291.633333333
0;0;0;1;1;1;1;1;0;1;0;1;1;0;0;1;0;260.496666667
0;0;0;1;1;1;1;1;0;1;1;1;0;0;0;1;0;261.31
0;0;1;0;1;1;1;1;0;0;0;1;1;1;0;1;0;295.366666667
0;0;1;0;1;1;1;1;0;0;1;1;0;1;0;1;0;295.59
0;0;1;0;1;1;1;1;0;0;1;1;1;0;0;1;0;259.903333333
0;0;1;0;1;1;1;1;0;1;0;1;0;1;0;1;0;299.66
0;0;1;0;1;1;1;1;0;1;0;1;1;0;0;1;0;266.19
0;0;1;0;1;1;1;1;0;1;1;1;0;0;0;1;0;266.526666667
0;0;1;1;1;1;1;1;0;0;0;1;0;1;0;1;0;275.923333333
0;0;1;1;1;1;1;1;0;0;0;1;1;0;0;1;0;244.23
0;0;1;1;1;1;1;1;0;0;1;1;0;0;0;1;0;244.303333333
0;0;1;1;1;1;1;1;0;1;0;1;0;0;0;1;0;249.496666667
1;0;0;0;1;1;1;1;0;0;0;1;1;1;0;1;0;304.966666667
1;0;0;0;1;1;1;1;0;0;1;1;0;1;0;1;0;305.48
1;0;0;0;1;1;1;1;0;0;1;1;1;0;0;1;0;268.11
1;0;0;0;1;1;1;1;0;1;0;1;0;1;0;1;0;310.52
1;0;0;0;1;1;1;1;0;1;0;1;1;0;0;1;0;275.69
1;0;0;0;1;1;1;1;0;1;1;1;0;0;0;1;0;275.956666667
1;0;0;1;1;1;1;1;0;0;0;1;0;1;0;1;0;287.086666667
1;0;0;1;1;1;1;1;0;0;0;1;1;0;0;1;0;254.11
1;0;0;1;1;1;1;1;0;0;1;1;0;0;0;1;0;254.706666667
1;0;0;1;1;1;1;1;0;1;0;1;0;0;0;1;0;261.203333333
1;0;1;0;1;1;1;1;0;0;0;1;0;1;0;1;0;295.506666667
1;0;1;0;1;1;1;1;0;0;0;1;1;0;0;1;0;259.963333333
1;0;1;0;1;1;1;1;0;0;1;1;0;0;0;1;0;260.38
1;0;1;0;1;1;1;1;0;1;0;1;0;0;0;1;0;266.67
1;0;1;1;1;1;1;1;0;0;0;1;0;0;0;1;0;244.433333333
0;0;0;0;1;1;1;1;0;0;1;0;1;1;0;1;1;305.146666667
0;0;0;0;1;1;1;1;0;1;0;0;1;1;0;1;1;310.226666667
0;0;0;0;1;1;1;1;0;1;1;0;0;1;0;1;1;310.686666667
0;0;0;0;1;1;1;1;0;1;1;0;1;0;0;1;1;279.083333333
0;0;0;1;1;1;1;1;0;0;0;0;1;1;0;1;1;286.353333333
0;0;0;1;1;1;1;1;0;0;1;0;0;1;0;1;1;287.106666667
0;0;0;1;1;1;1;1;0;0;1;0;1;0;0;1;1;257.45
0;0;0;1;1;1;1;1;0;1;0;0;0;1;0;1;1;291.643333333
0;0;0;1;1;1;1;1;0;1;0;0;1;0;0;1;1;263.91
0;0;0;1;1;1;1;1;0;1;1;0;0;0;0;1;1;264.286666667
0;0;1;0;1;1;1;1;0;0;0;0;1;1;0;1;1;295.353333333
0;0;1;0;1;1;1;1;0;0;1;0;0;1;0;1;1;295.606666667
0;0;1;0;1;1;1;1;0;0;1;0;1;0;0;1;1;263.363333333
0;0;1;0;1;1;1;1;0;1;0;0;0;1;0;1;1;299.866666667
0;0;1;0;1;1;1;1;0;1;0;0;1;0;0;1;1;269.733333333
0;0;1;0;1;1;1;1;0;1;1;0;0;0;0;1;1;269.95
0;0;1;1;1;1;1;1;0;0;0;0;0;1;0;1;1;275.97
0;0;1;1;1;1;1;1;0;0;0;0;1;0;0;1;1;247.483333333
0;0;1;1;1;1;1;1;0;0;1;0;0;0;0;1;1;247.506666667
0;0;1;1;1;1;1;1;0;1;0;0;0;0;0;1;1;252.963333333
1;0;0;0;1;1;1;1;0;0;0;0;1;1;0;1;1;305.026666667
1;0;0;0;1;1;1;1;0;0;1;0;0;1;0;1;1;305.433333333
1;0;0;0;1;1;1;1;0;0;1;0;1;0;0;1;1;271.403333333
1;0;0;0;1;1;1;1;0;1;0;0;0;1;0;1;1;310.673333333
1;0;0;0;1;1;1;1;0;1;0;0;1;0;0;1;1;279.096666667
1;0;0;0;1;1;1;1;0;1;1;0;0;0;0;1;1;279.303333333
1;0;0;1;1;1;1;1;0;0;0;0;0;1;0;1;1;287.053333333
1;0;0;1;1;1;1;1;0;0;0;0;1;0;0;1;1;257.406666667
1;0;0;1;1;1;1;1;0;0;1;0;0;0;0;1;1;257.876666667
1;0;0;1;1;1;1;1;0;1;0;0;0;0;0;1;1;264.38
1;0;1;0;1;1;1;1;0;0;0;0;0;1;0;1;1;295.62
1;0;1;0;1;1;1;1;0;0;0;0;1;0;0;1;1;263.403333333
1;0;1;0;1;1;1;1;0;0;1;0;0;0;0;1;1;263.753333333
1;0;1;1;1;1;1;1;0;0;0;0;0;0;0;1;1;247.716666667
0;0;0;0;1;1;1;0;0;0;1;0;1;1;1;1;1;726.6
0;0;0;0;1;1;1;0;0;1;0;0;1;1;1;1;1;821.76
0;0;0;0;1;1;1;0;0;1;1;0;0;1;1;1;1;817.353333333
0;0;0;0;1;1;1;0;0;1;1;0;1;0;1;1;1;745.443333333
0;0;0;1;1;1;1;0;0;0;1;0;0;1;1;1;1;687.033333333
0;0;0;1;1;1;1;0;0;0;1;0;1;0;1;1;1;590.836666667
0;0;0;1;1;1;1;0;0;1;0;0;0;1;1;1;1;781.163333333
0;0;0;1;1;1;1;0;0;1;0;0;1;0;1;1;1;715.736666667
0;0;0;1;1;1;1;0;0;1;1;0;0;0;1;1;1;712.953333333
0;0;1;0;1;1;1;0;0;0;0;0;1;1;1;1;1;715.826666667
0;0;1;0;1;1;1;0;0;0;1;0;0;1;1;1;1;712.726666667
0;0;1;0;1;1;1;0;0;0;1;0;1;0;1;1;1;607.7
0;0;1;0;1;1;1;0;0;1;0;0;0;1;1;1;1;807.436666667
0;0;1;0;1;1;1;0;0;1;0;0;1;0;1;1;1;734.21
0;0;1;0;1;1;1;0;0;1;1;0;0;0;1;1;1;731.41
0;0;1;1;1;1;1;0;0;0;0;0;0;1;1;1;1;680.563333333
0;0;1;1;1;1;1;0;0;0;0;0;1;0;1;1;1;584.976666667
0;0;1;1;1;1;1;0;0;0;1;0;0;0;1;1;1;581.716666667
0;0;1;1;1;1;1;0;0;1;0;0;0;0;1;1;1;706.246666667
1;0;0;0;1;1;1;0;0;0;0;0;1;1;1;1;1;580.476666667
1;0;0;0;1;1;1;0;0;0;1;0;0;1;1;1;1;580.606666667
1;0;0;0;1;1;1;0;0;0;1;0;1;0;1;1;1;510.89
1;0;0;0;1;1;1;0;0;1;0;0;0;1;1;1;1;672.6
1;0;0;0;1;1;1;0;0;1;1;0;0;0;1;1;1;632.826666667
1;0;0;1;1;1;1;0;0;0;0;0;0;1;1;1;1;561.846666667
1;0;0;1;1;1;1;0;0;0;0;0;1;0;1;1;1;497.803333333
1;0;0;1;1;1;1;0;0;0;1;0;0;0;1;1;1;498.826666667
1;0;0;1;1;1;1;0;0;1;0;0;0;0;1;1;1;617.206666667
1;0;1;0;1;1;1;0;0;0;0;0;0;1;1;1;1;576.48
1;0;1;0;1;1;1;0;0;0;0;0;1;0;1;1;1;508.766666667
1;0;1;0;1;1;1;0;0;0;1;0;0;0;1;1;1;509.473333333
1;0;1;0;1;1;1;0;0;1;0;0;0;0;1;1;1;629.336666667
1;0;1;1;1;1;1;0;0;0;0;0;0;0;1;1;1;493.96
0;1;0;0;1;1;1;0;0;0;1;0;1;1;1;1;0;726.643333333
0;1;0;0;1;1;1;0;0;1;0;0;1;1;1;1;0;821.526666667
0;1;0;0;1;1;1;0;0;1;1;0;1;0;1;1;0;744.26
0;1;0;1;1;1;1;0;0;0;0;0;1;1;1;1;0;690.716666667
0;1;0;1;1;1;1;0;0;0;1;0;0;1;1;1;0;687.146666667
0;1;0;1;1;1;1;0;0;0;1;0;1;0;1;1;0;589.74
0;1;0;1;1;1;1;0;0;1;0;0;0;1;1;1;0;780.93
0;1;0;1;1;1;1;0;0;1;0;0;1;0;1;1;0;715.25
0;1;0;1;1;1;1;0;0;1;1;0;0;0;1;1;0;712.666666667
0;1;1;0;1;1;1;0;0;0;0;0;1;1;1;1;0;715.993333333
0;1;1;0;1;1;1;0;0;0;1;0;0;1;1;1;0;712.636666667
0;1;1;0;1;1;1;0;0;0;1;0;1;0;1;1;0;607.033333333
0;1;1;0;1;1;1;0;0;1;0;0;0;1;1;1;0;807.273333333
0;1;1;0;1;1;1;0;0;1;0;0;1;0;1;1;0;733.776666667
0;1;1;0;1;1;1;0;0;1;1;0;0;0;1;1;0;731.216666667
0;1;1;1;1;1;1;0;0;0;0;0;0;1;1;1;0;680.556666667
0;1;1;1;1;1;1;0;0;0;0;0;1;0;1;1;0;583.526666667
0;1;1;1;1;1;1;0;0;0;1;0;0;0;1;1;0;581.106666667
0;1;1;1;1;1;1;0;0;1;0;0;0;0;1;1;0;705.396666667
1;1;0;0;1;1;1;0;0;0;0;0;1;1;1;1;0;580.543333333
1;1;0;0;1;1;1;0;0;0;1;0;0;1;1;1;0;580.626666667
1;1;0;0;1;1;1;0;0;0;1;0;1;0;1;1;0;510.016666667
1;1;0;0;1;1;1;0;0;1;0;0;0;1;1;1;0;672.413333333
1;1;0;0;1;1;1;0;0;1;0;0;1;0;1;1;0;631.283333333
1;1;0;0;1;1;1;0;0;1;1;0;0;0;1;1;0;632.063333333
1;1;0;1;1;1;1;0;0;0;0;0;0;1;1;1;0;561.96
1;1;0;1;1;1;1;0;0;0;0;0;1;0;1;1;0;497.333333333
1;1;0;1;1;1;1;0;0;0;1;0;0;0;1;1;0;497.99
1;1;0;1;1;1;1;0;0;1;0;0;0;0;1;1;0;616.686666667
1;1;1;0;1;1;1;0;0;0;0;0;1;0;1;1;0;508.34
1;1;1;0;1;1;1;0;0;0;1;0;0;0;1;1;0;509.033333333
1;1;1;0;1;1;1;0;0;1;0;0;0;0;1;1;0;628.756666667
1;1;1;1;1;1;1;0;0;0;0;0;0;0;1;1;0;493.276666667
0;0;0;0;1;1;1;0;0;0;1;1;1;1;1;1;0;726.51
0;0;0;0;1;1;1;0;0;1;1;1;0;1;1;1;0;817.34
0;0;0;0;1;1;1;0;0;1;1;1;1;0;1;1;0;743.123333333
0;0;0;1;1;1;1;0;0;0;0;1;1;1;1;1;0;690.59
0;0;0;1;1;1;1;0;0;0;1;1;0;1;1;1;0;687.093333333
0;0;0;1;1;1;1;0;0;0;1;1;1;0;1;1;0;588.67
0;0;0;1;1;1;1;0;0;1;0;1;0;1;1;1;0;780.93
0;0;0;1;1;1;1;0;0;1;0;1;1;0;1;1;0;713.673333333
0;0;0;1;1;1;1;0;0;1;1;1;0;0;1;1;0;711.293333333
0;0;1;0;1;1;1;0;0;0;0;1;1;1;1;1;0;716.033333333
0;0;1;0;1;1;1;0;0;0;1;1;0;1;1;1;0;712.81
0;0;1;0;1;1;1;0;0;0;1;1;1;0;1;1;0;604.916666667
0;0;1;0;1;1;1;0;0;1;0;1;1;0;1;1;0;732.006666667
0;0;1;0;1;1;1;0;0;1;1;1;0;0;1;1;0;729.3
0;0;1;1;1;1;1;0;0;0;0;1;0;1;1;1;0;680.646666667
0;0;1;1;1;1;1;0;0;0;0;1;1;0;1;1;0;581.406666667
0;0;1;1;1;1;1;0;0;0;1;1;0;0;1;1;0;579.023333333
0;0;1;1;1;1;1;0;0;1;0;1;0;0;1;1;0;704.22
1;0;0;0;1;1;1;0;0;0;0;1;1;1;1;1;0;580.543333333
1;0;0;0;1;1;1;0;0;0;1;1;0;1;1;1;0;580.73
1;0;0;0;1;1;1;0;0;0;1;1;1;0;1;1;0;508.423333333
1;0;0;0;1;1;1;0;0;1;0;1;0;1;1;1;0;672.373333333
1;0;0;0;1;1;1;0;0;1;0;1;1;0;1;1;0;629.62
1;0;0;0;1;1;1;0;0;1;1;1;0;0;1;1;0;630.576666667
1;0;0;1;1;1;1;0;0;0;0;1;0;1;1;1;0;561.926666667
1;0;0;1;1;1;1;0;0;0;0;1;1;0;1;1;0;495.723333333
1;0;0;1;1;1;1;0;0;0;1;1;0;0;1;1;0;496.23
1;0;0;1;1;1;1;0;0;1;0;1;0;0;1;1;0;615.336666667
1;0;1;0;1;1;1;0;0;0;0;1;0;1;1;1;0;576.54
1;0;1;0;1;1;1;0;0;0;0;1;1;0;1;1;0;506.36
1;0;1;0;1;1;1;0;0;0;1;1;0;0;1;1;0;506.88
1;0;1;0;1;1;1;0;0;1;0;1;0;0;1;1;0;627.053333333
1;0;1;1;1;1;1;0;0;0;0;1;0;0;1;1;0;491.52
0;0;0;0;1;1;1;0;1;0;1;1;1;1;0;1;0;521.443333333
0;0;0;0;1;1;1;0;1;1;0;1;1;1;0;1;0;573.653333333
0;0;0;0;1;1;1;0;1;1;1;1;0;1;0;1;0;571.35
0;0;0;0;1;1;1;0;1;1;1;1;1;0;0;1;0;515.686666667
0;0;0;1;1;1;1;0;1;0;0;1;1;1;0;1;0;494.256666667
0;0;0;1;1;1;1;0;1;0;1;1;0;1;0;1;0;492.266666667
0;0;0;1;1;1;1;0;1;0;1;1;1;0;0;1;0;424.49
0;0;0;1;1;1;1;0;1;1;0;1;0;1;0;1;0;543.59
0;0;0;1;1;1;1;0;1;1;1;1;0;0;0;1;0;491.686666667
0;0;1;0;1;1;1;0;1;0;0;1;1;1;0;1;0;513.233333333
0;0;1;0;1;1;1;0;1;0;1;1;0;1;0;1;0;511.48
0;0;1;0;1;1;1;0;1;0;1;1;1;0;0;1;0;437.483333333
0;0;1;0;1;1;1;0;1;1;0;1;0;1;0;1;0;562.57
0;0;1;0;1;1;1;0;1;1;0;1;1;0;0;1;0;507.403333333
0;0;1;0;1;1;1;0;1;1;1;1;0;0;0;1;0;505.636666667
0;0;1;1;1;1;1;0;1;0;0;1;0;1;0;1;0;485.66
0;0;1;1;1;1;1;0;1;0;0;1;1;0;0;1;0;418.19
0;0;1;1;1;1;1;0;1;0;1;1;0;0;0;1;0;416.263333333
0;0;1;1;1;1;1;0;1;1;0;1;0;0;0;1;0;484.853333333
1;0;0;0;1;1;1;0;1;0;0;1;1;1;0;1;0;432.773333333
1;0;0;0;1;1;1;0;1;0;1;1;0;1;0;1;0;433.266666667
1;0;0;0;1;1;1;0;1;0;1;1;1;0;0;1;0;380.1
1;0;0;0;1;1;1;0;1;1;0;1;0;1;0;1;0;482.903333333
1;0;0;0;1;1;1;0;1;1;0;1;1;0;0;1;0;446.68
1;0;0;0;1;1;1;0;1;1;1;1;0;0;0;1;0;447.136666667
1;0;0;1;1;1;1;0;1;0;0;1;0;1;0;1;0;414.833333333
1;0;0;1;1;1;1;0;1;0;0;1;1;0;0;1;0;367.066666667
1;0;0;1;1;1;1;0;1;0;1;1;0;0;0;1;0;367.543333333
1;0;0;1;1;1;1;0;1;1;0;1;0;0;0;1;0;432.143333333
1;0;1;0;1;1;1;0;1;0;0;1;1;0;0;1;0;377.83
1;0;1;0;1;1;1;0;1;0;1;1;0;0;0;1;0;378.283333333
1;0;1;0;1;1;1;0;1;1;0;1;0;0;0;1;0;443.92
1;0;1;1;1;1;1;0;1;0;0;1;0;0;0;1;0;362.626666667
0;0;0;0;1;1;1;0;1;0;1;0;1;1;0;1;1;521.51
0;0;0;0;1;1;1;0;1;1;0;0;1;1;0;1;1;573.756666667
0;0;0;0;1;1;1;0;1;1;1;0;0;1;0;1;1;571.473333333
0;0;0;0;1;1;1;0;1;1;1;0;1;0;0;1;1;518.566666667
0;0;0;1;1;1;1;0;1;0;0;0;1;1;0;1;1;494.34
0;0;0;1;1;1;1;0;1;0;1;0;0;1;0;1;1;492.36
0;0;0;1;1;1;1;0;1;0;1;0;1;0;0;1;1;427.796666667
0;0;0;1;1;1;1;0;1;1;0;0;0;1;0;1;1;543.523333333
0;0;0;1;1;1;1;0;1;1;0;0;1;0;0;1;1;495.56
0;0;0;1;1;1;1;0;1;1;1;0;0;0;0;1;1;494.32
0;0;1;0;1;1;1;0;1;0;0;0;1;1;0;1;1;513.523333333
0;0;1;0;1;1;1;0;1;0;1;0;0;1;0;1;1;511.406666667
0;0;1;0;1;1;1;0;1;0;1;0;1;0;0;1;1;440.41
0;0;1;0;1;1;1;0;1;1;0;0;0;1;0;1;1;562.923333333
0;0;1;0;1;1;1;0;1;1;0;0;1;0;0;1;1;510.21
0;0;1;0;1;1;1;0;1;1;1;0;0;0;0;1;1;508.546666667
0;0;1;1;1;1;1;0;1;0;0;0;0;1;0;1;1;485.59
0;0;1;1;1;1;1;0;1;0;0;0;1;0;0;1;1;421.113333333
0;0;1;1;1;1;1;0;1;0;1;0;0;0;0;1;1;419.396666667
0;0;1;1;1;1;1;0;1;1;0;0;0;0;0;1;1;487.736666667
1;0;0;0;1;1;1;0;1;0;0;0;1;1;0;1;1;432.756666667
1;0;0;0;1;1;1;0;1;0;1;0;0;1;0;1;1;433.213333333
1;0;0;0;1;1;1;0;1;0;1;0;1;0;0;1;1;382.98
1;0;0;0;1;1;1;0;1;1;0;0;0;1;0;1;1;482.816666667
1;0;0;0;1;1;1;0;1;1;0;0;1;0;0;1;1;449.383333333
1;0;0;0;1;1;1;0;1;1;1;0;0;0;0;1;1;450.13
1;0;0;1;1;1;1;0;1;0;0;0;0;1;0;1;1;414.996666667
1;0;0;1;1;1;1;0;1;0;0;0;1;0;0;1;1;369.68
1;0;0;1;1;1;1;0;1;0;1;0;0;0;0;1;1;370.556666667
1;0;0;1;1;1;1;0;1;1;0;0;0;0;0;1;1;434.97
1;0;1;0;1;1;1;0;1;0;0;0;0;1;0;1;1;428.373333333
1;0;1;0;1;1;1;0;1;0;0;0;1;0;0;1;1;380.526666667
1;0;1;0;1;1;1;0;1;0;1;0;0;0;0;1;1;381.213333333
1;0;1;0;1;1;1;0;1;1;0;0;0;0;0;1;1;446.64
1;0;1;1;1;1;1;0;1;0;0;0;0;0;0;1;1;365.903333333
0;1;0;0;1;1;1;0;1;0;1;0;1;1;0;1;0;521.606666667
0;1;0;0;1;1;1;0;1;1;0;0;1;1;0;1;0;573.63
0;1;0;0;1;1;1;0;1;1;1;0;0;1;0;1;0;571.31
0;1;0;0;1;1;1;0;1;1;1;0;1;0;0;1;0;517.123333333
0;1;0;1;1;1;1;0;1;0;0;0;1;1;0;1;0;494.233333333
0;1;0;1;1;1;1;0;1;0;1;0;0;1;0;1;0;492.353333333
0;1;0;1;1;1;1;0;1;0;1;0;1;0;0;1;0;426.75
0;1;0;1;1;1;1;0;1;1;0;0;0;1;0;1;0;543.463333333
0;1;0;1;1;1;1;0;1;1;0;0;1;0;0;1;0;495.1
0;1;0;1;1;1;1;0;1;1;1;0;0;0;0;1;0;493.44
0;1;1;0;1;1;1;0;1;0;0;0;1;1;0;1;0;513.233333333
0;1;1;0;1;1;1;0;1;0;1;0;0;1;0;1;0;511.343333333
0;1;1;0;1;1;1;0;1;0;1;0;1;0;0;1;0;439.26
0;1;1;0;1;1;1;0;1;1;0;0;0;1;0;1;0;562.676666667
0;1;1;0;1;1;1;0;1;1;0;0;1;0;0;1;0;509.273333333
0;1;1;0;1;1;1;0;1;1;1;0;0;0;0;1;0;507.39
0;1;1;1;1;1;1;0;1;0;0;0;0;1;0;1;0;485.476666667
0;1;1;1;1;1;1;0;1;0;0;0;1;0;0;1;0;420.01
0;1;1;1;1;1;1;0;1;0;1;0;0;0;0;1;0;418.123333333
0;1;1;1;1;1;1;0;1;1;0;0;0;0;0;1;0;486.636666667
1;1;0;0;1;1;1;0;1;0;0;0;1;1;0;1;0;432.666666667
1;1;0;0;1;1;1;0;1;0;1;0;0;1;0;1;0;433.153333333
1;1;0;0;1;1;1;0;1;0;1;0;1;0;0;1;0;382.01
1;1;0;0;1;1;1;0;1;1;0;0;0;1;0;1;0;482.876666667
1;1;0;0;1;1;1;0;1;1;0;0;1;0;0;1;0;448.53
1;1;0;0;1;1;1;0;1;1;1;0;0;0;0;1;0;449.133333333
1;1;0;1;1;1;1;0;1;0;0;0;0;1;0;1;0;414.846666667
1;1;0;1;1;1;1;0;1;0;0;0;1;0;0;1;0;368.986666667
1;1;0;1;1;1;1;0;1;0;1;0;0;0;0;1;0;369.463333333
1;1;0;1;1;1;1;0;1;1;0;0;0;0;0;1;0;433.86
1;1;1;0;1;1;1;0;1;0;0;0;0;1;0;1;0;428.383333333
1;1;1;0;1;1;1;0;1;0;0;0;1;0;0;1;0;379.456666667
1;1;1;0;1;1;1;0;1;0;1;0;0;0;0;1;0;380.276666667
1;1;1;0;1;1;1;0;1;1;0;0;0;0;0;1;0;445.836666667
0;1;0;0;1;1;1;1;0;1;1;0;1;1;0;1;0;310.316666667
0;1;0;1;1;1;1;1;0;0;1;0;1;1;0;1;0;286.4
0;1;0;1;1;1;1;1;0;1;0;0;1;1;0;1;0;291.066666667
0;1;0;1;1;1;1;1;0;1;1;0;0;1;0;1;0;291.576666667
0;1;0;1;1;1;1;1;0;1;1;0;1;0;0;1;0;262.61
0;1;1;0;1;1;1;1;0;0;1;0;1;1;0;1;0;295.503333333
0;1;1;0;1;1;1;1;0;1;0;0;1;1;0;1;0;299.706666667
0;1;1;0;1;1;1;1;0;1;1;0;0;1;0;1;0;299.906666667
0;1;1;0;1;1;1;1;0;1;1;0;1;0;0;1;0;268.206666667
0;1;1;1;1;1;1;1;0;0;0;0;1;1;0;1;0;275.56
0;1;1;1;1;1;1;1;0;0;1;0;1;0;0;1;0;246.2
0;1;1;1;1;1;1;1;0;1;0;0;0;1;0;1;0;279.753333333
0;1;1;1;1;1;1;1;0;1;0;0;1;0;0;1;0;251.573333333
1;1;0;0;1;1;1;1;0;0;1;0;1;1;0;1;0;305.0
1;1;0;0;1;1;1;1;0;1;0;0;1;1;0;1;0;310.25
1;1;0;0;1;1;1;1;0;1;1;0;0;1;0;1;0;310.753333333
1;1;0;0;1;1;1;1;0;1;1;0;1;0;0;1;0;277.563333333
1;1;0;1;1;1;1;1;0;0;0;0;1;1;0;1;0;286.28
1;1;0;1;1;1;1;1;0;0;1;0;0;1;0;1;0;287.036666667
1;1;0;1;1;1;1;1;0;0;1;0;1;0;0;1;0;256.32
1;1;0;1;1;1;1;1;0;1;0;0;0;1;0;1;0;291.673333333
1;1;0;1;1;1;1;1;0;1;0;0;1;0;0;1;0;262.643333333
1;1;0;1;1;1;1;1;0;1;1;0;0;0;0;1;0;263.073333333
1;1;1;0;1;1;1;1;0;0;0;0;1;1;0;1;0;295.36
1;1;1;0;1;1;1;1;0;0;1;0;0;1;0;1;0;295.58
1;1;1;0;1;1;1;1;0;0;1;0;1;0;0;1;0;262.276666667
1;1;1;0;1;1;1;1;0;1;0;0;0;1;0;1;0;299.75
1;1;1;0;1;1;1;1;0;1;0;0;1;0;0;1;0;268.396666667
1;1;1;0;1;1;1;1;0;1;1;0;0;0;0;1;0;268.883333333
1;1;1;1;1;1;1;1;0;0;0;0;0;1;0;1;0;275.896666667
1;1;1;1;1;1;1;1;0;0;0;0;1;0;0;1;0;246.273333333
1;1;1;1;1;1;1;1;0;0;1;0;0;0;0;1;0;246.58
1;1;1;1;1;1;1;1;0;1;0;0;0;0;0;1;0;251.823333333
0;0;0;0;1;1;1;1;0;1;1;1;1;1;0;1;0;310.216666667
0;0;0;1;1;1;1;1;0;0;1;1;1;1;0;1;0;286.396666667
0;0;0;1;1;1;1;1;0;1;0;1;1;1;0;1;0;291.01
0;0;0;1;1;1;1;1;0;1;1;1;0;1;0;1;0;291.62
0;0;0;1;1;1;1;1;0;1;1;1;1;0;0;1;0;260.616666667
0;0;1;0;1;1;1;1;0;0;1;1;1;1;0;1;0;295.333333333
0;0;1;0;1;1;1;1;0;1;0;1;1;1;0;1;0;299.636666667
0;0;1;0;1;1;1;1;0;1;1;1;0;1;0;1;0;299.69
0;0;1;0;1;1;1;1;0;1;1;1;1;0;0;1;0;266.113333333
0;0;1;1;1;1;1;1;0;0;0;1;1;1;0;1;0;275.386666667
0;0;1;1;1;1;1;1;0;0;1;1;0;1;0;1;0;275.926666667
0;0;1;1;1;1;1;1;0;0;1;1;1;0;0;1;0;244.353333333
0;0;1;1;1;1;1;1;0;1;0;1;0;1;0;1;0;279.79
0;0;1;1;1;1;1;1;0;1;0;1;1;0;0;1;0;249.363333333
0;0;1;1;1;1;1;1;0;1;1;1;0;0;0;1;0;249.64
1;0;0;0;1;1;1;1;0;0;1;1;1;1;0;1;0;304.94
1;0;0;0;1;1;1;1;0;1;0;1;1;1;0;1;0;310.153333333
1;0;0;0;1;1;1;1;0;1;1;1;0;1;0;1;0;310.793333333
1;0;0;0;1;1;1;1;0;1;1;1;1;0;0;1;0;275.31
1;0;0;1;1;1;1;1;0;0;0;1;1;1;0;1;0;286.43
1;0;0;1;1;1;1;1;0;0;1;1;0;1;0;1;0;287.086666667
1;0;0;1;1;1;1;1;0;0;1;1;1;0;0;1;0;254.013333333
1;0;0;1;1;1;1;1;0;1;0;1;0;1;0;1;0;291.66
1;0;0;1;1;1;1;1;0;1;0;1;1;0;0;1;0;260.636666667
1;0;0;1;1;1;1;1;0;1;1;1;0;0;0;1;0;261.206666667
1;0;1;0;1;1;1;1;0;0;0;1;1;1;0;1;0;295.256666667
1;0;1;0;1;1;1;1;0;0;1;1;1;0;0;1;0;259.84
1;0;1;0;1;1;1;1;0;1;0;1;0;1;0;1;0;299.77
1;0;1;0;1;1;1;1;0;1;0;1;1;0;0;1;0;266.22
1;0;1;0;1;1;1;1;0;1;1;1;0;0;0;1;0;266.51
1;0;1;1;1;1;1;1;0;0;0;1;0;1;0;1;0;275.993333333
1;0;1;1;1;1;1;1;0;0;0;1;1;0;0;1;0;244.276666667
1;0;1;1;1;1;1;1;0;0;1;1;0;0;0;1;0;244.333333333
1;0;1;1;1;1;1;1;0;1;0;1;0;0;0;1;0;249.73
0;0;0;0;1;1;1;1;0;1;1;0;1;1;0;1;1;310.326666667
0;0;0;1;1;1;1;1;0;0;1;0;1;1;0;1;1;286.326666667
0;0;0;1;1;1;1;1;0;1;0;0;1;1;0;1;1;291.14
0;0;0;1;1;1;1;1;0;1;1;0;0;1;0;1;1;291.53
0;0;0;1;1;1;1;1;0;1;1;0;1;0;0;1;1;263.853333333
0;0;1;0;1;1;1;1;0;1;0;0;1;1;0;1;1;299.813333333
0;0;1;0;1;1;1;1;0;1;1;0;0;1;0;1;1;299.85
0;0;1;0;1;1;1;1;0;1;1;0;1;0;0;1;1;269.523333333
0;0;1;1;1;1;1;1;0;0;0;0;1;1;0;1;1;275.453333333
0;0;1;1;1;1;1;1;0;0;1;0;0;1;0;1;1;275.96
0;0;1;1;1;1;1;1;0;0;1;0;1;0;0;1;1;247.516666667
0;0;1;1;1;1;1;1;0;1;0;0;0;1;0;1;1;279.84
0;0;1;1;1;1;1;1;0;1;0;0;1;0;0;1;1;252.826666667
0;0;1;1;1;1;1;1;0;1;1;0;0;0;0;1;1;253.01
1;0;0;0;1;1;1;1;0;0;1;0;1;1;0;1;1;305.103333333
1;0;0;0;1;1;1;1;0;1;0;0;1;1;0;1;1;310.263333333
1;0;0;0;1;1;1;1;0;1;1;0;0;1;0;1;1;310.673333333
1;0;0;0;1;1;1;1;0;1;1;0;1;0;0;1;1;279.013333333
1;0;0;1;1;1;1;1;0;0;0;0;1;1;0;1;1;286.47
1;0;0;1;1;1;1;1;0;0;1;0;1;0;0;1;1;257.53
1;0;0;1;1;1;1;1;0;1;0;0;0;1;0;1;1;291.483333333
1;0;0;1;1;1;1;1;0;1;0;0;1;0;0;1;1;263.846666667
1;0;0;1;1;1;1;1;0;1;1;0;0;0;0;1;1;264.33
1;0;1;0;1;1;1;1;0;0;0;0;1;1;0;1;1;295.413333333
1;0;1;0;1;1;1;1;0;0;1;0;0;1;0;1;1;295.683333333
1;0;1;0;1;1;1;1;0;0;1;0;1;0;0;1;1;263.373333333
1;0;1;0;1;1;1;1;0;1;0;0;0;1;0;1;1;299.89
1;0;1;0;1;1;1;1;0;1;0;0;1;0;0;1;1;269.583333333
1;0;1;0;1;1;1;1;0;1;1;0;0;0;0;1;1;270.063333333
1;0;1;1;1;1;1;1;0;0;0;0;1;0;0;1;1;247.666666667
1;0;1;1;1;1;1;1;0;0;1;0;0;0;0;1;1;247.693333333
1;0;1;1;1;1;1;1;0;1;0;0;0;0;0;1;1;253.126666667
0;0;0;1;1;1;1;0;0;0;1;0;1;1;1;1;1;690.39
0;0;0;1;1;1;1;0;0;1;0;0;1;1;1;1;1;783.783333333
0;0;0;1;1;1;1;0;0;1;1;0;0;1;1;1;1;780.79
0;0;0;1;1;1;1;0;0;1;1;0;1;0;1;1;1;715.583333333
0;0;1;0;1;1;1;0;0;0;1;0;1;1;1;1;1;715.746666667
0;0;1;0;1;1;1;0;0;1;0;0;1;1;1;1;1;809.806666667
0;0;1;0;1;1;1;0;0;1;1;0;0;1;1;1;1;806.923333333
0;0;1;0;1;1;1;0;0;1;1;0;1;0;1;1;1;733.763333333
0;0;1;1;1;1;1;0;0;0;0;0;1;1;1;1;1;683.52
0;0;1;1;1;1;1;0;0;0;1;0;0;1;1;1;1;680.726666667
0;0;1;1;1;1;1;0;0;0;1;0;1;0;1;1;1;583.846666667
0;0;1;1;1;1;1;0;0;1;0;0;0;1;1;1;1;773.436666667
0;0;1;1;1;1;1;0;0;1;1;0;0;0;1;1;1;706.063333333
1;0;0;0;1;1;1;0;0;0;1;0;1;1;1;1;1;580.41
1;0;0;0;1;1;1;0;0;1;0;0;1;1;1;1;1;671.746666667
1;0;0;0;1;1;1;0;0;1;1;0;0;1;1;1;1;672.206666667
1;0;0;0;1;1;1;0;0;1;1;0;1;0;1;1;1;631.583333333
1;0;0;1;1;1;1;0;0;0;0;0;1;1;1;1;1;561.933333333
1;0;0;1;1;1;1;0;0;0;1;0;0;1;1;1;1;561.97
1;0;0;1;1;1;1;0;0;0;1;0;1;0;1;1;1;497.37
1;0;0;1;1;1;1;0;0;1;0;0;0;1;1;1;1;652.483333333
1;0;0;1;1;1;1;0;0;1;0;0;1;0;1;1;1;615.9
1;0;0;1;1;1;1;0;0;1;1;0;0;0;1;1;1;616.97
1;0;1;0;1;1;1;0;0;0;0;0;1;1;1;1;1;575.663333333
1;0;1;0;1;1;1;0;0;0;1;0;0;1;1;1;1;576.246666667
1;0;1;0;1;1;1;0;0;0;1;0;1;0;1;1;1;508.606666667
1;0;1;0;1;1;1;0;0;1;0;0;0;1;1;1;1;666.686666667
1;0;1;0;1;1;1;0;0;1;0;0;1;0;1;1;1;628.15
1;0;1;0;1;1;1;0;0;1;1;0;0;0;1;1;1;629.396666667
1;0;1;1;1;1;1;0;0;0;0;0;0;1;1;1;1;556.63
1;0;1;1;1;1;1;0;0;0;0;0;1;0;1;1;1;493.006666667
1;0;1;1;1;1;1;0;0;0;1;0;0;0;1;1;1;493.543333333
1;0;1;1;1;1;1;0;0;1;0;0;0;0;1;1;1;611.6
0;1;0;0;1;1;1;0;0;1;1;0;1;1;1;1;0;821.756666667
0;1;0;1;1;1;1;0;0;0;1;0;1;1;1;1;0;690.216666667
0;1;0;1;1;1;1;0;0;1;0;0;1;1;1;1;0;783.876666667
0;1;0;1;1;1;1;0;0;1;1;0;0;1;1;1;0;780.756666667
0;1;0;1;1;1;1;0;0;1;1;0;1;0;1;1;0;714.666666667
0;1;1;0;1;1;1;0;0;0;1;0;1;1;1;1;0;715.906666667
0;1;1;0;1;1;1;0;0;1;0;0;1;1;1;1;0;809.97
0;1;1;0;1;1;1;0;0;1;1;0;0;1;1;1;0;807.0
0;1;1;0;1;1;1;0;0;1;1;0;1;0;1;1;0;733.216666667
0;1;1;1;1;1;1;0;0;0;0;0;1;1;1;1;0;683.763333333
0;1;1;1;1;1;1;0;0;0;1;0;0;1;1;1;0;680.476666667
0;1;1;1;1;1;1;0;0;0;1;0;1;0;1;1;0;583.426666667
0;1;1;1;1;1;1;0;0;1;0;0;0;1;1;1;0;773.386666667
0;1;1;1;1;1;1;0;0;1;0;0;1;0;1;1;0;706.833333333
0;1;1;1;1;1;1;0;0;1;1;0;0;0;1;1;0;705.213333333
1;1;0;0;1;1;1;0;0;0;1;0;1;1;1;1;0;580.576666667
1;1;0;0;1;1;1;0;0;1;0;0;1;1;1;1;0;671.696666667
1;1;0;0;1;1;1;0;0;1;1;0;0;1;1;1;0;672.213333333
1;1;0;0;1;1;1;0;0;1;1;0;1;0;1;1;0;631.053333333
1;1;0;1;1;1;1;0;0;0;0;0;1;1;1;1;0;561.743333333
1;1;0;1;1;1;1;0;0;0;1;0;0;1;1;1;0;562.066666667
1;1;0;1;1;1;1;0;0;0;1;0;1;0;1;1;0;496.78
1;1;0;1;1;1;1;0;0;1;0;0;0;1;1;1;0;652.653333333
1;1;0;1;1;1;1;0;0;1;0;0;1;0;1;1;0;615.093333333
1;1;0;1;1;1;1;0;0;1;1;0;0;0;1;1;0;616.61
1;1;1;0;1;1;1;0;0;0;0;0;1;1;1;1;0;575.7
1;1;1;0;1;1;1;0;0;0;1;0;0;1;1;1;0;576.276666667
1;1;1;0;1;1;1;0;0;0;1;0;1;0;1;1;0;508.003333333
1;1;1;0;1;1;1;0;0;1;0;0;0;1;1;1;0;666.503333333
1;1;1;0;1;1;1;0;0;1;0;0;1;0;1;1;0;627.5
1;1;1;0;1;1;1;0;0;1;1;0;0;0;1;1;0;628.496666667
1;1;1;1;1;1;1;0;0;0;0;0;0;1;1;1;0;556.513333333
1;1;1;1;1;1;1;0;0;0;0;0;1;0;1;1;0;492.13
1;1;1;1;1;1;1;0;0;0;1;0;0;0;1;1;0;492.936666667
1;1;1;1;1;1;1;0;0;1;0;0;0;0;1;1;0;610.956666667
0;0;0;0;1;1;1;0;0;1;1;1;1;1;1;1;0;821.963333333
0;0;0;1;1;1;1;0;0;0;1;1;1;1;1;1;0;690.463333333
0;0;0;1;1;1;1;0;0;1;0;1;1;1;1;1;0;784.02
0;0;0;1;1;1;1;0;0;1;1;1;0;1;1;1;0;780.656666667
0;0;0;1;1;1;1;0;0;1;1;1;1;0;1;1;0;713.39
0;0;1;0;1;1;1;0;0;0;1;1;1;1;1;1;0;715.923333333
0;0;1;0;1;1;1;0;0;1;0;1;1;1;1;1;0;809.936666667
0;0;1;0;1;1;1;0;0;1;1;1;0;1;1;1;0;807.016666667
0;0;1;0;1;1;1;0;0;1;1;1;1;0;1;1;0;731.193333333
0;0;1;1;1;1;1;0;0;0;0;1;1;1;1;1;0;683.75
0;0;1;1;1;1;1;0;0;0;1;1;0;1;1;1;0;680.616666667
0;0;1;1;1;1;1;0;0;0;1;1;1;0;1;1;0;581.243333333
0;0;1;1;1;1;1;0;0;1;0;1;0;1;1;1;0;773.67
0;0;1;1;1;1;1;0;0;1;0;1;1;0;1;1;0;705.453333333
0;0;1;1;1;1;1;0;0;1;1;1;0;0;1;1;0;703.5
1;0;0;0;1;1;1;0;0;0;1;1;1;1;1;1;0;580.373333333
1;0;0;0;1;1;1;0;0;1;0;1;1;1;1;1;0;671.73
1;0;0;0;1;1;1;0;0;1;1;1;0;1;1;1;0;672.136666667
1;0;0;0;1;1;1;0;0;1;1;1;1;0;1;1;0;629.39
1;0;0;1;1;1;1;0;0;0;0;1;1;1;1;1;0;561.79
1;0;0;1;1;1;1;0;0;0;1;1;0;1;1;1;0;561.96
1;0;0;1;1;1;1;0;0;0;1;1;1;0;1;1;0;495.49
1;0;0;1;1;1;1;0;0;1;0;1;0;1;1;1;0;652.466666667
1;0;0;1;1;1;1;0;0;1;0;1;1;0;1;1;0;613.763333333
1;0;0;1;1;1;1;0;0;1;1;1;0;0;1;1;0;615.056666667
1;0;1;0;1;1;1;0;0;0;0;1;1;1;1;1;0;575.863333333
1;0;1;0;1;1;1;0;0;0;1;1;0;1;1;1;0;576.216666667
1;0;1;0;1;1;1;0;0;0;1;1;1;0;1;1;0;506.223333333
1;0;1;0;1;1;1;0;0;1;0;1;0;1;1;1;0;666.553333333
1;0;1;0;1;1;1;0;0;1;0;1;1;0;1;1;0;625.796666667
1;0;1;0;1;1;1;0;0;1;1;1;0;0;1;1;0;627.113333333
1;0;1;1;1;1;1;0;0;0;0;1;0;1;1;1;0;556.513333333
1;0;1;1;1;1;1;0;0;0;0;1;1;0;1;1;0;490.473333333
1;0;1;1;1;1;1;0;0;0;1;1;0;0;1;1;0;491.236666667
0;0;0;0;1;1;1;0;1;1;1;1;1;1;0;1;0;573.46
0;0;0;1;1;1;1;0;1;0;1;1;1;1;0;1;0;493.986666667
0;0;0;1;1;1;1;0;1;1;0;1;1;1;0;1;0;545.016666667
0;0;0;1;1;1;1;0;1;1;1;1;0;1;0;1;0;543.03
0;0;0;1;1;1;1;0;1;1;1;1;1;0;0;1;0;492.663333333
0;0;1;0;1;1;1;0;1;0;1;1;1;1;0;1;0;512.87
0;0;1;0;1;1;1;0;1;1;0;1;1;1;0;1;0;564.093333333
0;0;1;0;1;1;1;0;1;1;1;1;0;1;0;1;0;562.183333333
0;0;1;0;1;1;1;0;1;1;1;1;1;0;0;1;0;506.93
0;0;1;1;1;1;1;0;1;0;0;1;1;1;0;1;0;487.09
0;0;1;1;1;1;1;0;1;0;1;1;0;1;0;1;0;485.583333333
0;0;1;1;1;1;1;0;1;0;1;1;1;0;0;1;0;417.633333333
0;0;1;1;1;1;1;0;1;1;0;1;0;1;0;1;0;535.626666667
0;0;1;1;1;1;1;0;1;1;0;1;1;0;0;1;0;485.536666667
0;0;1;1;1;1;1;0;1;1;1;1;0;0;0;1;0;484.29
1;0;0;0;1;1;1;0;1;0;1;1;1;1;0;1;0;432.723333333
1;0;0;0;1;1;1;0;1;1;1;1;1;0;0;1;0;446.25
1;0;0;1;1;1;1;0;1;0;0;1;1;1;0;1;0;414.23
1;0;0;1;1;1;1;0;1;0;1;1;0;1;0;1;0;414.736666667
1;0;0;1;1;1;1;0;1;0;1;1;1;0;0;1;0;366.836666667
1;0;0;1;1;1;1;0;1;1;0;1;0;1;0;1;0;463.24
1;0;0;1;1;1;1;0;1;1;0;1;1;0;0;1;0;431.0
1;0;0;1;1;1;1;0;1;1;1;1;0;0;0;1;0;432.03
1;0;1;0;1;1;1;0;1;0;0;1;1;1;0;1;0;427.66
1;0;1;0;1;1;1;0;1;0;1;1;0;1;0;1;0;428.083333333
1;0;1;0;1;1;1;0;1;0;1;1;1;0;0;1;0;377.503333333
1;0;1;0;1;1;1;0;1;1;0;1;0;1;0;1;0;476.996666667
1;0;1;0;1;1;1;0;1;1;0;1;1;0;0;1;0;442.81
1;0;1;0;1;1;1;0;1;1;1;1;0;0;0;1;0;443.646666667
1;0;1;1;1;1;1;0;1;0;0;1;0;1;0;1;0;408.84
1;0;1;1;1;1;1;0;1;0;0;1;1;0;0;1;0;362.036666667
1;0;1;1;1;1;1;0;1;0;1;1;0;0;0;1;0;362.613333333
1;0;1;1;1;1;1;0;1;1;0;1;0;0;0;1;0;426.526666667
0;0;0;0;1;1;1;0;1;1;1;0;1;1;0;1;1;573.24
0;0;0;1;1;1;1;0;1;0;1;0;1;1;0;1;1;493.703333333
0;0;0;1;1;1;1;0;1;1;0;0;1;1;0;1;1;544.823333333
0;0;0;1;1;1;1;0;1;1;1;0;1;0;0;1;1;495.45
0;0;1;0;1;1;1;0;1;1;0;0;1;1;0;1;1;564.166666667
0;0;1;0;1;1;1;0;1;1;1;0;0;1;0;1;1;562.186666667
0;0;1;0;1;1;1;0;1;1;1;0;1;0;0;1;1;509.803333333
0;0;1;1;1;1;1;0;1;0;0;0;1;1;0;1;1;486.973333333
0;0;1;1;1;1;1;0;1;0;1;0;0;1;0;1;1;485.436666667
0;0;1;1;1;1;1;0;1;0;1;0;1;0;0;1;1;420.683333333
0;0;1;1;1;1;1;0;1;1;0;0;0;1;0;1;1;535.706666667
0;0;1;1;1;1;1;0;1;1;0;0;1;0;0;1;1;488.773333333
0;0;1;1;1;1;1;0;1;1;1;0;0;0;0;1;1;487.583333333
1;0;0;0;1;1;1;0;1;0;1;0;1;1;0;1;1;432.676666667
1;0;0;0;1;1;1;0;1;1;0;0;1;1;0;1;1;482.376666667
1;0;0;0;1;1;1;0;1;1;1;0;0;1;0;1;1;482.64
1;0;0;0;1;1;1;0;1;1;1;0;1;0;0;1;1;449.03
1;0;0;1;1;1;1;0;1;0;0;0;1;1;0;1;1;414.243333333
1;0;0;1;1;1;1;0;1;0;1;0;0;1;0;1;1;414.67
1;0;0;1;1;1;1;0;1;0;1;0;1;0;0;1;1;369.616666667
1;0;0;1;1;1;1;0;1;1;0;0;0;1;0;1;1;463.31
1;0;0;1;1;1;1;0;1;1;0;0;1;0;0;1;1;433.913333333
1;0;0;1;1;1;1;0;1;1;1;0;0;0;0;1;1;434.643333333
1;0;1;0;1;1;1;0;1;0;0;0;1;1;0;1;1;427.793333333
1;0;1;0;1;1;1;0;1;0;1;0;1;0;0;1;1;380.18
1;0;1;0;1;1;1;0;1;1;0;0;0;1;0;1;1;476.863333333
1;0;1;0;1;1;1;0;1;1;0;0;1;0;0;1;1;445.666666667
1;0;1;0;1;1;1;0;1;1;1;0;0;0;0;1;1;446.63
1;0;1;1;1;1;1;0;1;0;0;0;0;1;0;1;1;408.683333333
1;0;1;1;1;1;1;0;1;0;0;0;1;0;0;1;1;365.04
1;0;1;1;1;1;1;0;1;0;1;0;0;0;0;1;1;365.443333333
0;1;0;0;1;1;1;0;1;1;1;0;1;1;0;1;0;573.4
0;1;0;1;1;1;1;0;1;0;1;0;1;1;0;1;0;493.71
0;1;0;1;1;1;1;0;1;1;0;0;1;1;0;1;0;544.74
0;1;0;1;1;1;1;0;1;1;1;0;0;1;0;1;0;543.216666667
0;1;0;1;1;1;1;0;1;1;1;0;1;0;0;1;0;494.266666667
0;1;1;0;1;1;1;0;1;0;1;0;1;1;0;1;0;513.0
0;1;1;0;1;1;1;0;1;1;0;0;1;1;0;1;0;564.2
0;1;1;0;1;1;1;0;1;1;1;0;1;0;0;1;0;508.623333333
0;1;1;1;1;1;1;0;1;0;0;0;1;1;0;1;0;487.01
0;1;1;1;1;1;1;0;1;0;1;0;0;1;0;1;0;485.523333333
0;1;1;1;1;1;1;0;1;0;1;0;1;0;0;1;0;419.82
0;1;1;1;1;1;1;0;1;1;0;0;0;1;0;1;0;535.8
0;1;1;1;1;1;1;0;1;1;0;0;1;0;0;1;0;487.373333333
0;1;1;1;1;1;1;0;1;1;1;0;0;0;0;1;0;486.57
1;1;0;0;1;1;1;0;1;0;1;0;1;1;0;1;0;432.796666667
1;1;0;0;1;1;1;0;1;1;0;0;1;1;0;1;0;482.256666667
1;1;0;0;1;1;1;0;1;1;1;0;1;0;0;1;0;448.11
1;1;0;1;1;1;1;0;1;0;0;0;1;1;0;1;0;414.173333333
1;1;0;1;1;1;1;0;1;0;1;0;0;1;0;1;0;414.686666667
1;1;0;1;1;1;1;0;1;0;1;0;1;0;0;1;0;368.63
1;1;0;1;1;1;1;0;1;1;0;0;0;1;0;1;0;463.39
1;1;0;1;1;1;1;0;1;1;0;0;1;0;0;1;0;433.0
1;1;0;1;1;1;1;0;1;1;1;0;0;0;0;1;0;433.693333333
1;1;1;0;1;1;1;0;1;0;0;0;1;1;0;1;0;427.753333333
1;1;1;0;1;1;1;0;1;0;1;0;1;0;0;1;0;379.4
1;1;1;0;1;1;1;0;1;1;0;0;0;1;0;1;0;476.913333333
1;1;1;0;1;1;1;0;1;1;0;0;1;0;0;1;0;444.606666667
1;1;1;0;1;1;1;0;1;1;1;0;0;0;0;1;0;445.456666667
1;1;1;1;1;1;1;0;1;0;0;0;0;1;0;1;0;408.75
1;1;1;1;1;1;1;0;1;0;0;0;1;0;0;1;0;363.936666667
1;1;1;1;1;1;1;0;1;0;1;0;0;0;0;1;0;364.346666667
1;1;1;1;1;1;1;0;1;1;0;0;0;0;0;1;0;428.413333333
0;1;0;1;1;1;1;1;0;1;1;0;1;1;0;1;0;291.2
0;1;1;0;1;1;1;1;0;1;1;0;1;1;0;1;0;299.626666667
0;1;1;1;1;1;1;1;0;0;1;0;1;1;0;1;0;275.453333333
0;1;1;1;1;1;1;1;0;1;0;0;1;1;0;1;0;279.246666667
0;1;1;1;1;1;1;1;0;1;1;0;0;1;0;1;0;279.89
0;1;1;1;1;1;1;1;0;1;1;0;1;0;0;1;0;251.53
1;1;0;0;1;1;1;1;0;1;1;0;1;1;0;1;0;310.283333333
1;1;0;1;1;1;1;1;0;0;1;0;1;1;0;1;0;286.336666667
1;1;0;1;1;1;1;1;0;1;0;0;1;1;0;1;0;291.173333333
1;1;0;1;1;1;1;1;0;1;1;0;0;1;0;1;0;291.603333333
1;1;0;1;1;1;1;1;0;1;1;0;1;0;0;1;0;262.51
1;1;1;0;1;1;1;1;0;0;1;0;1;1;0;1;0;295.446666667
1;1;1;0;1;1;1;1;0;1;0;0;1;1;0;1;0;299.69
1;1;1;0;1;1;1;1;0;1;1;0;0;1;0;1;0;299.84
1;1;1;0;1;1;1;1;0;1;1;0;1;0;0;1;0;268.263333333
1;1;1;1;1;1;1;1;0;0;0;0;1;1;0;1;0;275.523333333
1;1;1;1;1;1;1;1;0;0;1;0;0;1;0;1;0;276.01
1;1;1;1;1;1;1;1;0;0;1;0;1;0;0;1;0;246.236666667
1;1;1;1;1;1;1;1;0;1;0;0;0;1;0;1;0;279.74
1;1;1;1;1;1;1;1;0;1;0;0;1;0;0;1;0;251.586666667
1;1;1;1;1;1;1;1;0;1;1;0;0;0;0;1;0;251.86
0;0;0;1;1;1;1;1;0;1;1;1;1;1;0;1;0;291.15
0;0;1;0;1;1;1;1;0;1;1;1;1;1;0;1;0;299.646666667
0;0;1;1;1;1;1;1;0;0;1;1;1;1;0;1;0;275.433333333
0;0;1;1;1;1;1;1;0;1;0;1;1;1;0;1;0;279.15
0;0;1;1;1;1;1;1;0;1;1;1;0;1;0;1;0;279.776666667
0;0;1;1;1;1;1;1;0;1;1;1;1;0;0;1;0;249.463333333
1;0;0;0;1;1;1;1;0;1;1;1;1;1;0;1;0;310.29
1;0;0;1;1;1;1;1;0;0;1;1;1;1;0;1;0;286.44
1;0;0;1;1;1;1;1;0;1;0;1;1;1;0;1;0;291.043333333
1;0;0;1;1;1;1;1;0;1;1;1;0;1;0;1;0;291.61
1;0;0;1;1;1;1;1;0;1;1;1;1;0;0;1;0;260.55
1;0;1;0;1;1;1;1;0;0;1;1;1;1;0;1;0;295.41
1;0;1;0;1;1;1;1;0;1;0;1;1;1;0;1;0;299.636666667
1;0;1;0;1;1;1;1;0;1;1;1;0;1;0;1;0;299.843333333
1;0;1;0;1;1;1;1;0;1;1;1;1;0;0;1;0;266.273333333
1;0;1;1;1;1;1;1;0;0;0;1;1;1;0;1;0;275.416666667
1;0;1;1;1;1;1;1;0;0;1;1;0;1;0;1;0;276.026666667
1;0;1;1;1;1;1;1;0;0;1;1;1;0;0;1;0;244.28
1;0;1;1;1;1;1;1;0;1;0;1;0;1;0;1;0;279.753333333
1;0;1;1;1;1;1;1;0;1;0;1;1;0;0;1;0;249.44
1;0;1;1;1;1;1;1;0;1;1;1;0;0;0;1;0;249.606666667
0;0;0;1;1;1;1;1;0;1;1;0;1;1;0;1;1;291.056666667
0;0;1;0;1;1;1;1;0;1;1;0;1;1;0;1;1;299.796666667
0;0;1;1;1;1;1;1;0;0;1;0;1;1;0;1;1;275.426666667
0;0;1;1;1;1;1;1;0;1;0;0;1;1;0;1;1;279.223333333
0;0;1;1;1;1;1;1;0;1;1;0;0;1;0;1;1;279.756666667
0;0;1;1;1;1;1;1;0;1;1;0;1;0;0;1;1;252.736666667
1;0;0;0;1;1;1;1;0;1;1;0;1;1;0;1;1;310.253333333
1;0;0;1;1;1;1;1;0;0;1;0;1;1;0;1;1;286.456666667
1;0;0;1;1;1;1;1;0;1;0;0;1;1;0;1;1;291.276666667
1;0;0;1;1;1;1;1;0;1;1;0;0;1;0;1;1;291.586666667
1;0;0;1;1;1;1;1;0;1;1;0;1;0;0;1;1;263.92
1;0;1;0;1;1;1;1;0;0;1;0;1;1;0;1;1;295.41
1;0;1;0;1;1;1;1;0;1;0;0;1;1;0;1;1;299.676666667
1;0;1;0;1;1;1;1;0;1;1;0;0;1;0;1;1;299.96
1;0;1;0;1;1;1;1;0;1;1;0;1;0;0;1;1;269.493333333
1;0;1;1;1;1;1;1;0;0;0;0;1;1;0;1;1;275.39
1;0;1;1;1;1;1;1;0;0;1;0;0;1;0;1;1;276.073333333
1;0;1;1;1;1;1;1;0;0;1;0;1;0;0;1;1;247.536666667
1;0;1;1;1;1;1;1;0;1;0;0;0;1;0;1;1;279.853333333
1;0;1;1;1;1;1;1;0;1;0;0;1;0;0;1;1;252.78
1;0;1;1;1;1;1;1;0;1;1;0;0;0;0;1;1;253.08
0;0;1;0;1;1;1;0;0;1;1;0;1;1;1;1;1;809.53
0;0;1;1;1;1;1;0;0;0;1;0;1;1;1;1;1;683.543333333
0;0;1;1;1;1;1;0;0;1;0;0;1;1;1;1;1;775.81
0;0;1;1;1;1;1;0;0;1;1;0;0;1;1;1;1;773.463333333
0;0;1;1;1;1;1;0;0;1;1;0;1;0;1;1;1;707.493333333
1;0;0;0;1;1;1;0;0;1;1;0;1;1;1;1;1;671.55
1;0;0;1;1;1;1;0;0;0;1;0;1;1;1;1;1;561.333333333
1;0;0;1;1;1;1;0;0;1;0;0;1;1;1;1;1;651.64
1;0;0;1;1;1;1;0;0;1;1;0;0;1;1;1;1;652.373333333
1;0;0;1;1;1;1;0;0;1;1;0;1;0;1;1;1;616.133333333
1;0;1;0;1;1;1;0;0;0;1;0;1;1;1;1;1;575.553333333
1;0;1;0;1;1;1;0;0;1;0;0;1;1;1;1;1;665.2
1;0;1;1;1;1;1;0;0;0;0;0;1;1;1;1;1;555.633333333
1;0;1;1;1;1;1;0;0;0;1;0;0;1;1;1;1;556.34
1;0;1;1;1;1;1;0;0;0;1;0;1;0;1;1;1;492.426666667
1;0;1;1;1;1;1;0;0;1;0;0;0;1;1;1;1;645.51
1;0;1;1;1;1;1;0;0;1;0;0;1;0;1;1;1;609.886666667
1;0;1;1;1;1;1;0;0;1;1;0;0;0;1;1;1;611.433333333
0;1;0;1;1;1;1;0;0;1;1;0;1;1;1;1;0;783.776666667
0;1;1;0;1;1;1;0;0;1;1;0;1;1;1;1;0;809.5
0;1;1;1;1;1;1;0;0;0;1;0;1;1;1;1;0;683.256666667
0;1;1;1;1;1;1;0;0;1;0;0;1;1;1;1;0;775.663333333
0;1;1;1;1;1;1;0;0;1;1;0;0;1;1;1;0;773.22
0;1;1;1;1;1;1;0;0;1;1;0;1;0;1;1;0;706.59
1;1;0;0;1;1;1;0;0;1;1;0;1;1;1;1;0;671.5
1;1;0;1;1;1;1;0;0;0;1;0;1;1;1;1;0;561.42
1;1;0;1;1;1;1;0;0;1;0;0;1;1;1;1;0;651.49
1;1;0;1;1;1;1;0;0;1;1;0;0;1;1;1;0;652.433333333
1;1;0;1;1;1;1;0;0;1;1;0;1;0;1;1;0;615.06
1;1;1;0;1;1;1;0;0;0;1;0;1;1;1;1;0;575.396666667
1;1;1;0;1;1;1;0;0;1;0;0;1;1;1;1;0;665.293333333
1;1;1;0;1;1;1;0;0;1;1;0;0;1;1;1;0;666.493333333
1;1;1;0;1;1;1;0;0;1;1;0;1;0;1;1;0;627.24
1;1;1;1;1;1;1;0;0;0;0;0;1;1;1;1;0;555.613333333
1;1;1;1;1;1;1;0;0;0;1;0;0;1;1;1;0;556.306666667
1;1;1;1;1;1;1;0;0;0;1;0;1;0;1;1;0;491.696666667
1;1;1;1;1;1;1;0;0;1;0;0;0;1;1;1;0;645.54
1;1;1;1;1;1;1;0;0;1;0;0;1;0;1;1;0;609.2
1;1;1;1;1;1;1;0;0;1;1;0;0;0;1;1;0;610.686666667
0;0;0;1;1;1;1;0;0;1;1;1;1;1;1;1;0;783.493333333
0;0;1;0;1;1;1;0;0;1;1;1;1;1;1;1;0;809.57
0;0;1;1;1;1;1;0;0;0;1;1;1;1;1;1;0;683.42
0;0;1;1;1;1;1;0;0;1;0;1;1;1;1;1;0;775.853333333
0;0;1;1;1;1;1;0;0;1;1;1;0;1;1;1;0;773.276666667
0;0;1;1;1;1;1;0;0;1;1;1;1;0;1;1;0;704.806666667
1;0;0;0;1;1;1;0;0;1;1;1;1;1;1;1;0;671.4
1;0;0;1;1;1;1;0;0;0;1;1;1;1;1;1;0;561.373333333
1;0;0;1;1;1;1;0;0;1;0;1;1;1;1;1;0;651.703333333
1;0;0;1;1;1;1;0;0;1;1;1;0;1;1;1;0;652.55
1;0;0;1;1;1;1;0;0;1;1;1;1;0;1;1;0;613.396666667
1;0;1;0;1;1;1;0;0;0;1;1;1;1;1;1;0;575.476666667
1;0;1;0;1;1;1;0;0;1;0;1;1;1;1;1;0;665.223333333
1;0;1;0;1;1;1;0;0;1;1;1;0;1;1;1;0;666.25
1;0;1;0;1;1;1;0;0;1;1;1;1;0;1;1;0;625.71
1;0;1;1;1;1;1;0;0;0;0;1;1;1;1;1;0;555.58
1;0;1;1;1;1;1;0;0;0;1;1;0;1;1;1;0;556.326666667
1;0;1;1;1;1;1;0;0;1;0;1;0;1;1;1;0;645.446666667
1;0;1;1;1;1;1;0;0;1;0;1;1;0;1;1;0;607.626666667
1;0;1;1;1;1;1;0;0;1;1;1;0;0;1;1;0;608.996666667
0;0;0;1;1;1;1;0;1;1;1;1;1;1;0;1;0;544.506666667
0;0;1;0;1;1;1;0;1;1;1;1;1;1;0;1;0;564.063333333
0;0;1;1;1;1;1;0;1;0;1;1;1;1;0;1;0;486.816666667
0;0;1;1;1;1;1;0;1;1;0;1;1;1;0;1;0;537.153333333
0;0;1;1;1;1;1;0;1;1;1;1;0;1;0;1;0;535.696666667
1;0;0;0;1;1;1;0;1;1;1;1;1;1;0;1;0;482.083333333
1;0;0;1;1;1;1;0;1;0;1;1;1;1;0;1;0;414.033333333
1;0;0;1;1;1;1;0;1;1;0;1;1;1;0;1;0;462.626666667
1;0;0;1;1;1;1;0;1;1;1;1;0;1;0;1;0;463.363333333
1;0;0;1;1;1;1;0;1;1;1;1;1;0;0;1;0;430.696666667
1;0;1;0;1;1;1;0;1;0;1;1;1;1;0;1;0;427.493333333
1;0;1;0;1;1;1;0;1;1;0;1;1;1;0;1;0;476.223333333
1;0;1;0;1;1;1;0;1;1;1;1;0;1;0;1;0;476.936666667
1;0;1;0;1;1;1;0;1;1;1;1;1;0;0;1;0;442.5
1;0;1;1;1;1;1;0;1;0;0;1;1;1;0;1;0;408.07
1;0;1;1;1;1;1;0;1;0;1;1;0;1;0;1;0;408.626666667
1;0;1;1;1;1;1;0;1;0;1;1;1;0;0;1;0;361.703333333
1;0;1;1;1;1;1;0;1;1;0;1;0;1;0;1;0;456.74
1;0;1;1;1;1;1;0;1;1;0;1;1;0;0;1;0;425.246666667
1;0;1;1;1;1;1;0;1;1;1;1;0;0;0;1;0;426.443333333
0;0;0;1;1;1;1;0;1;1;1;0;1;1;0;1;1;544.58
0;0;1;0;1;1;1;0;1;1;1;0;1;1;0;1;1;564.146666667
0;0;1;1;1;1;1;0;1;0;1;0;1;1;0;1;1;487.116666667
0;0;1;1;1;1;1;0;1;1;0;0;1;1;0;1;1;537.113333333
0;0;1;1;1;1;1;0;1;1;1;0;0;1;0;1;1;535.553333333
0;0;1;1;1;1;1;0;1;1;1;0;1;0;0;1;1;488.26
1;0;0;0;1;1;1;0;1;1;1;0;1;1;0;1;1;482.08
1;0;0;1;1;1;1;0;1;0;1;0;1;1;0;1;1;413.913333333
1;0;0;1;1;1;1;0;1;1;1;0;0;1;0;1;1;463.5
1;0;0;1;1;1;1;0;1;1;1;0;1;0;0;1;1;433.926666667
1;0;1;0;1;1;1;0;1;0;1;0;1;1;0;1;1;427.52
1;0;1;0;1;1;1;0;1;1;0;0;1;1;0;1;1;476.31
1;0;1;1;1;1;1;0;1;0;0;0;1;1;0;1;1;407.99
1;0;1;1;1;1;1;0;1;0;1;0;0;1;0;1;1;408.606666667
1;0;1;1;1;1;1;0;1;0;1;0;1;0;0;1;1;364.496666667
1;0;1;1;1;1;1;0;1;1;0;0;0;1;0;1;1;456.616666667
1;0;1;1;1;1;1;0;1;1;0;0;1;0;0;1;1;428.263333333
1;0;1;1;1;1;1;0;1;1;1;0;0;0;0;1;1;429.256666667
0;1;0;1;1;1;1;0;1;1;1;0;1;1;0;1;0;544.75
0;1;1;0;1;1;1;0;1;1;1;0;1;1;0;1;0;564.03
0;1;1;1;1;1;1;0;1;1;0;0;1;1;0;1;0;537.143333333
0;1;1;1;1;1;1;0;1;1;1;0;0;1;0;1;0;535.86
0;1;1;1;1;1;1;0;1;1;1;0;1;0;0;1;0;487.056666667
1;1;0;0;1;1;1;0;1;1;1;0;1;1;0;1;0;482.04
1;1;0;1;1;1;1;0;1;0;1;0;1;1;0;1;0;413.88
1;1;0;1;1;1;1;0;1;1;0;0;1;1;0;1;0;462.57
1;1;0;1;1;1;1;0;1;1;1;0;0;1;0;1;0;463.346666667
1;1;0;1;1;1;1;0;1;1;1;0;1;0;0;1;0;432.77
1;1;1;0;1;1;1;0;1;0;1;0;1;1;0;1;0;427.476666667
1;1;1;0;1;1;1;0;1;1;0;0;1;1;0;1;0;476.33
1;1;1;0;1;1;1;0;1;1;1;0;0;1;0;1;0;476.953333333
1;1;1;0;1;1;1;0;1;1;1;0;1;0;0;1;0;444.38
1;1;1;1;1;1;1;0;1;0;0;0;1;1;0;1;0;408.073333333
1;1;1;1;1;1;1;0;1;0;1;0;0;1;0;1;0;408.616666667
1;1;1;1;1;1;1;0;1;0;1;0;1;0;0;1;0;363.56
1;1;1;1;1;1;1;0;1;1;0;0;0;1;0;1;0;456.706666667
1;1;1;1;1;1;1;0;1;1;0;0;1;0;0;1;0;427.243333333
1;1;1;1;1;1;1;0;1;1;1;0;0;0;0;1;0;428.16
0;1;1;1;1;1;1;1;0;1;1;0;1;1;0;1;0;279.156666667
1;1;0;1;1;1;1;1;0;1;1;0;1;1;0;1;0;291.21
1;1;1;0;1;1;1;1;0;1;1;0;1;1;0;1;0;299.733333333
1;1;1;1;1;1;1;1;0;1;0;0;1;1;0;1;0;279.26
1;1;1;1;1;1;1;1;0;1;1;0;0;1;0;1;0;279.903333333
0;0;1;1;1;1;1;1;0;1;1;1;1;1;0;1;0;279.15
1;0;0;1;1;1;1;1;0;1;1;1;1;1;0;1;0;290.916666667
1;0;1;0;1;1;1;1;0;1;1;1;1;1;0;1;0;299.703333333
1;0;1;1;1;1;1;1;0;0;1;1;1;1;0;1;0;275.47
1;0;1;1;1;1;1;1;0;1;0;1;1;1;0;1;0;279.153333333
1;0;1;1;1;1;1;1;0;1;1;1;0;1;0;1;0;279.81
0;0;1;1;1;1;1;1;0;1;1;0;1;1;0;1;1;279.216666667
1;0;0;1;1;1;1;1;0;1;1;0;1;1;0;1;1;291.236666667
1;0;1;0;1;1;1;1;0;1;1;0;1;1;0;1;1;299.676666667
1;0;1;1;1;1;1;1;0;0;1;0;1;1;0;1;1;275.46
1;0;1;1;1;1;1;1;0;1;0;0;1;1;0;1;1;279.13
1;0;1;1;1;1;1;1;0;1;1;0;0;1;0;1;1;279.926666667
1;0;1;1;1;1;1;1;0;1;1;0;1;0;0;1;1;252.63
0;0;1;1;1;1;1;0;0;1;1;0;1;1;1;1;1;775.68
1;0;0;1;1;1;1;0;0;1;1;0;1;1;1;1;1;651.2
1;0;1;0;1;1;1;0;0;1;1;0;1;1;1;1;1;665.166666667
1;0;1;1;1;1;1;0;0;0;1;0;1;1;1;1;1;555.18
1;0;1;1;1;1;1;0;0;1;0;0;1;1;1;1;1;644.16
1;0;1;1;1;1;1;0;0;1;1;0;0;1;1;1;1;645.38
1;0;1;1;1;1;1;0;0;1;1;0;1;0;1;1;1;609.696666667
0;1;1;1;1;1;1;0;0;1;1;0;1;1;1;1;0;775.54
1;1;0;1;1;1;1;0;0;1;1;0;1;1;1;1;0;651.286666667
1;1;1;0;1;1;1;0;0;1;1;0;1;1;1;1;0;665.23
1;1;1;1;1;1;1;0;0;0;1;0;1;1;1;1;0;555.26
1;1;1;1;1;1;1;0;0;1;0;0;1;1;1;1;0;644.356666667
1;1;1;1;1;1;1;0;0;1;1;0;0;1;1;1;0;645.303333333
1;1;1;1;1;1;1;0;0;1;1;0;1;0;1;1;0;608.68
0;0;1;1;1;1;1;0;0;1;1;1;1;1;1;1;0;775.803333333
1;0;0;1;1;1;1;0;0;1;1;1;1;1;1;1;0;651.203333333
1;0;1;0;1;1;1;0;0;1;1;1;1;1;1;1;0;665.283333333
1;0;1;1;1;1;1;0;0;0;1;1;1;1;1;1;0;555.203333333
1;0;1;1;1;1;1;0;0;1;0;1;1;1;1;1;0;644.156666667
1;0;1;1;1;1;1;0;0;1;1;1;0;1;1;1;0;645.376666667
1;0;1;1;1;1;1;0;0;1;1;1;1;0;1;1;0;607.376666667
0;0;1;1;1;1;1;0;1;1;1;1;1;1;0;1;0;536.95
1;0;1;0;1;1;1;0;1;1;1;1;1;1;0;1;0;476.1
1;0;1;1;1;1;1;0;1;0;1;1;1;1;0;1;0;407.756666667
1;0;1;1;1;1;1;0;1;1;0;1;1;1;0;1;0;455.64
1;0;1;1;1;1;1;0;1;1;1;1;0;1;0;1;0;456.37
1;0;1;1;1;1;1;0;1;1;1;1;1;0;0;1;0;424.89
0;0;1;1;1;1;1;0;1;1;1;0;1;1;0;1;1;536.85
1;0;0;1;1;1;1;0;1;1;1;0;1;1;0;1;1;462.5
1;0;1;0;1;1;1;0;1;1;1;0;1;1;0;1;1;476.093333333
1;0;1;1;1;1;1;0;1;0;1;0;1;1;0;1;1;407.763333333
1;0;1;1;1;1;1;0;1;1;0;0;1;1;0;1;1;455.72
1;0;1;1;1;1;1;0;1;1;1;0;0;1;0;1;1;456.436666667
1;0;1;1;1;1;1;0;1;1;1;0;1;0;0;1;1;428.156666667
0;1;1;1;1;1;1;0;1;1;1;0;1;1;0;1;0;536.876666667
1;1;0;1;1;1;1;0;1;1;1;0;1;1;0;1;0;462.436666667
1;1;1;0;1;1;1;0;1;1;1;0;1;1;0;1;0;476.126666667
1;1;1;1;1;1;1;0;1;0;1;0;1;1;0;1;0;407.686666667
1;1;1;1;1;1;1;0;1;1;0;0;1;1;0;1;0;455.68
1;1;1;1;1;1;1;0;1;1;1;0;0;1;0;1;0;456.363333333
1;1;1;1;1;1;1;0;1;1;1;0;1;0;0;1;0;427.06
1;1;1;1;1;1;1;1;0;1;1;0;1;1;0;1;0;279.193333333
1;0;1;1;1;1;1;1;0;1;1;1;1;1;0;1;0;279.266666667
1;0;1;1;1;1;1;1;0;1;1;0;1;1;0;1;1;279.246666667
1;0;1;1;1;1;1;0;0;1;1;0;1;1;1;1;1;644.033333333
1;1;1;1;1;1;1;0;0;1;1;0;1;1;1;1;0;643.983333333
1;0;1;1;1;1;1;0;0;1;1;1;1;1;1;1;0;643.96
1;0;1;1;1;1;1;0;1;1;1;0;1;1;0;1;1;455.513333333
1;1;1;1;1;1;1;0;1;1;1;0;1;1;0;1;0;455.4
